-- phpMyAdmin SQL Dump
-- version 5.2.0
-- https://www.phpmyadmin.net/
--
-- Хост: 127.0.0.1:3306
-- Время создания: Сен 05 2023 г., 18:36
-- Версия сервера: 8.0.30
-- Версия PHP: 7.2.34

SET SQL_MODE = "NO_AUTO_VALUE_ON_ZERO";
START TRANSACTION;
SET time_zone = "+00:00";


/*!40101 SET @OLD_CHARACTER_SET_CLIENT=@@CHARACTER_SET_CLIENT */;
/*!40101 SET @OLD_CHARACTER_SET_RESULTS=@@CHARACTER_SET_RESULTS */;
/*!40101 SET @OLD_COLLATION_CONNECTION=@@COLLATION_CONNECTION */;
/*!40101 SET NAMES utf8mb4 */;

--
-- База данных: `Dota2`
--

-- --------------------------------------------------------

--
-- Структура таблицы `DotaMatch`
--

CREATE TABLE `DotaMatch` (
  `Id` bigint NOT NULL,
  `Duration` int NOT NULL,
  `RadiantWin` int NOT NULL,
  `FirstBlood` int NOT NULL,
  `RadiantScore` int NOT NULL,
  `DireScore` int NOT NULL
) ENGINE=InnoDB DEFAULT CHARSET=utf8mb4 COLLATE=utf8mb4_general_ci;

--
-- Дамп данных таблицы `DotaMatch`
--

INSERT INTO `DotaMatch` (`Id`, `Duration`, `RadiantWin`, `FirstBlood`, `RadiantScore`, `DireScore`) VALUES
(6296817329, 2057, 0, 173, 25, 44),
(7316220675, 2677, 0, 30, 43, 51),
(7317973757, 1230, 0, 0, 5, 26);

-- --------------------------------------------------------

--
-- Структура таблицы `Hero`
--

CREATE TABLE `Hero` (
  `Id` int NOT NULL,
  `Name` varchar(100) COLLATE utf8mb4_general_ci NOT NULL,
  `Image` varchar(200) CHARACTER SET utf8mb4 COLLATE utf8mb4_general_ci DEFAULT NULL
) ENGINE=InnoDB DEFAULT CHARSET=utf8mb4 COLLATE=utf8mb4_general_ci;

--
-- Дамп данных таблицы `Hero`
--

INSERT INTO `Hero` (`Id`, `Name`, `Image`) VALUES
(1, 'Anti-Mage', 'https://www.dotabuff.com/assets/heroes/anti-mage-e9961542661f6f398599713b9cb8fee5aa2dd9ae12bf253f67cf484c5cdfc1ce.jpg'),
(2, 'Axe', 'https://www.dotabuff.com/assets/heroes/axe-f182220d6fc301a4a43ed2351e5313bd53e552c8d8645feec5721298176d0f9c.jpg'),
(3, 'Bane', 'https://www.dotabuff.com/assets/heroes/bane-fe919466e4795493cf6a78ae3808e55f4d39a0175aaa9ace2082063e693e888e.jpg'),
(4, 'Bloodseeker', 'https://www.dotabuff.com/assets/heroes/bloodseeker-a2e5372a2e611f1ce8cd01ecf239f210f37e9a89197c8210c04ec3f478299116.jpg'),
(5, 'Crystal Maiden', 'https://www.dotabuff.com/assets/heroes/crystal-maiden-d9bf2cca2bb003ad3ad383e0ea901ac06120b9ae4e8fc9a768339768473a26cb.jpg'),
(6, 'Drow Ranger', 'https://www.dotabuff.com/assets/heroes/drow-ranger-4179c7b056588755ce718f5c68a1210457cafaa75d75f7172299a4965729a001.jpg'),
(7, 'Earthshaker', 'https://www.dotabuff.com/assets/heroes/earthshaker-215714e59ae202448c7fcaff84ff9fc7c925c30b9cb19c60d1b9aecf57bd9bf2.jpg'),
(8, 'Juggernaut', 'https://www.dotabuff.com/assets/heroes/juggernaut-4ade674a70ebdbc8127bb125ae64c49ef700d9fe685eb6b094108b8f8bbceb44.jpg'),
(9, 'Mirana', 'https://www.dotabuff.com/assets/heroes/mirana-b04edb4fcfb6b10f21b6a27b7f72faeb69da6bf1f854c91b2fb965e077e58fbd.jpg'),
(10, 'Morphling', 'https://www.dotabuff.com/assets/heroes/morphling-4631f7384e8a916ee233ce54674bfbd0ef432a40dddad5e305d84919b3e1bd6e.jpg'),
(11, 'Shadow Fiend', 'https://www.dotabuff.com/assets/heroes/shadow-fiend-866d2e15d0a8987f2c98518c54a6e7969a65841abca9eac2116bcfe714ce399f.jpg'),
(12, 'Phantom Lancer', 'https://www.dotabuff.com/assets/heroes/phantom-lancer-554de93dee0b9d0c80bd4536d4d777ebec1f3efb4b653673e9ba86f0dd4c10d6.jpg'),
(13, 'Puck', 'https://www.dotabuff.com/assets/heroes/puck-23ccda9213f256f929f85839b1a895c8202a94dc90be08c4cbff4184328d527c.jpg'),
(14, 'Pudge', 'https://www.dotabuff.com/assets/heroes/pudge-c0a4fce1b8a478ae8da6d61b8d514d070dc58b179abf8eee78f1ff217d14e46c.jpg'),
(15, 'Razor', 'https://www.dotabuff.com/assets/heroes/razor-cbf1d076372ebdb07fda63545918b89310b103996465a11be5ed8518ed65e18b.jpg'),
(16, 'Sand King', 'https://www.dotabuff.com/assets/heroes/sand-king-432149fc300e872e9ef144f203997596fc7ecb8738a635c3be62d8bcb2dd2570.jpg'),
(17, 'Storm Spirit', 'https://www.dotabuff.com/assets/heroes/storm-spirit-75d75f7569d02c8eb78f1061e08535d3a6f1b9dfa2df0dc9f91b567a87e17932.jpg'),
(18, 'Sven', 'https://www.dotabuff.com/assets/heroes/sven-99ddb8061d06836e946e59110110a18e6dd6c572d5013df9bbc66930aa163101.jpg'),
(19, 'Tiny', 'https://www.dotabuff.com/assets/heroes/tiny-dce37f06e120325c885ffa7955f9a96473d4fb24622cee2c853fa6ff5bf4352a.jpg'),
(20, 'Vengeful Spirit', 'https://www.dotabuff.com/assets/heroes/vengeful-spirit-1a72caea605d7bc98cfa9de32921ae9fd08f0dfae327026c1aec644a33077b96.jpg'),
(21, 'Windranger', 'https://www.dotabuff.com/assets/heroes/windranger-286b62aafd8dd9bba7678509a049d98a0e9f16c2eaa301b746b6249271d3db95.jpg'),
(22, 'Zeus', 'https://www.dotabuff.com/assets/heroes/zeus-4a52e78fb6223e960a7d806c33774ba8d5a83131c1c5868e459d5e665bf9c077.jpg'),
(23, 'Kunkka', 'https://www.dotabuff.com/assets/heroes/kunkka-acc101ad9b7a74e8c1d0011323807dcb627891eeafeeb8074f6e6b18650ed42f.jpg'),
(25, 'Lina', 'https://www.dotabuff.com/assets/heroes/lina-ff20fd61ed36110b5e39103df30bdbc432c622e4c022bc7977f05ba5eec270d3.jpg'),
(26, 'Lion', 'https://www.dotabuff.com/assets/heroes/lion-a9212815a1d66a6478c62caa94bdaf6184ee7c7fa15e83fe65a2fb446e18d3cc.jpg'),
(27, 'Shadow Shaman', 'https://www.dotabuff.com/assets/heroes/shadow-shaman-a254cd387d2bd8d8d89c890662589a5836ff90925bcabda8368946b822491756.jpg'),
(28, 'Slardar', 'https://www.dotabuff.com/assets/heroes/slardar-a96276838f0277b9ccf6227fc2dc3231edbb03f1f70933ed6b5d37196c69c30a.jpg'),
(29, 'Tidehunter', 'https://www.dotabuff.com/assets/heroes/tidehunter-756a926564d5630b846593e777487bc6f22c238b79fca149cd0603c9f3c4ae4e.jpg'),
(30, 'Witch Doctor', 'https://www.dotabuff.com/assets/heroes/witch-doctor-3a5f9513ed4754b06371300e3f358145d85f45b0aecab1fc1ec683f8242d350a.jpg'),
(31, 'Lich', 'https://www.dotabuff.com/assets/heroes/lich-8d1aa68eecbc77ae34b5f44641c7f2d42f347deee58b97ecc4dc3cc8bc68c677.jpg'),
(32, 'Riki', 'https://www.dotabuff.com/assets/heroes/riki-a085e77c15cc10d88b562f9533415f8d3d97a3b5a8dbb72b96f03ad37ff4aeb8.jpg'),
(33, 'Enigma', 'https://www.dotabuff.com/assets/heroes/enigma-09e57afadf9db76bad457d4e3771b9b7b294575e85c9ca1ce976dbf994d56ca3.jpg'),
(34, 'Tinker', 'https://www.dotabuff.com/assets/heroes/tinker-1b7221a1c54f89b088a0f8c4ddf735aca0755b5b4a8093fc821709920274e5a8.jpg'),
(35, 'Sniper', 'https://www.dotabuff.com/assets/heroes/sniper-e6d317daac186b72c8429b2ef5ad363d238ffaff7be23f45d913822434352837.jpg'),
(36, 'Necrophos', 'https://www.dotabuff.com/assets/heroes/necrophos-731919b45d88a2e910401b4355262720eb970f0a4a08259cafb0cfb177d59a92.jpg'),
(37, 'Warlock', 'https://www.dotabuff.com/assets/heroes/warlock-8283eb871d5ee2fa73e02b2605048011d4938694beb9db97a96d310524f0c4b6.jpg'),
(38, 'Beastmaster', 'https://www.dotabuff.com/assets/heroes/beastmaster-862e7387b9b589ccb401a7205988b65e8aaa7263a4833fb08086de9872e3cb3a.jpg'),
(39, 'Queen of Pain', 'https://www.dotabuff.com/assets/heroes/queen-of-pain-0bb30081a18b54079cbfa28e3fc3a91a4a91925c695f94fa7e70726b9acb8bec.jpg'),
(40, 'Venomancer', 'https://www.dotabuff.com/assets/heroes/venomancer-aa15409243e8a2cb27f645ee06e3a411aa5860731b130d40b616dbbe22a6f169.jpg'),
(41, 'Faceless Void', 'https://www.dotabuff.com/assets/heroes/faceless-void-fb147350b9caed0068fbc87cdfddfd7bfe149b9f4cf9f3954fdc25b3702ce314.jpg'),
(42, 'Wraith King', 'https://www.dotabuff.com/assets/heroes/wraith-king-bde5d019af5e734332b2e049e4d1eecc8dafed1a5fd053edc82f79330ed0a27b.jpg'),
(43, 'Death Prophet', 'https://www.dotabuff.com/assets/heroes/death-prophet-c9efa1965eed6e1bde1987f2f7969d59a74aae1f92329a339d00c744968b7de0.jpg'),
(44, 'Phantom Assassin', 'https://www.dotabuff.com/assets/heroes/phantom-assassin-4f13bdf71bf72dd8099eb7bc811a8f62d2ee02d3d0d522cc8a5b2df46e5074a7.jpg'),
(45, 'Pugna', 'https://www.dotabuff.com/assets/heroes/pugna-df1ff85956e77c794f8b8d033bc62140903c61381bc660135a448eea804fc65e.jpg'),
(46, 'Templar Assassin', 'https://www.dotabuff.com/assets/heroes/templar-assassin-98ba6e13d4ddbafe7b60cdb2f7b454c42cf667290bd74ecc90cdbc1532b46579.jpg'),
(47, 'Viper', 'https://www.dotabuff.com/assets/heroes/viper-acd38fa2d1a73fd0c23f363f0611235d6ebbcc869e567f2cd77a91e1f89f96d9.jpg'),
(48, 'Luna', 'https://www.dotabuff.com/assets/heroes/luna-33d9d63619bc21826a73cd565a8fc4df6f7b973df1bcba0a72259b262c0465d5.jpg'),
(49, 'Dragon Knight', 'https://www.dotabuff.com/assets/heroes/dragon-knight-a42ca0a4d87678a41c0fef7c3b380075b4b8065364c1c05c342a0f1feb8fd594.jpg'),
(50, 'Dazzle', 'https://www.dotabuff.com/assets/heroes/dazzle-6f09dcd9997ff6ecf1e1f721088de907c7926a1d4a2bf6cabe5cb8280b237dad.jpg'),
(51, 'Clockwerk', 'https://www.dotabuff.com/assets/heroes/clockwerk-a74f2d01a4603389a76180022625d4ed9737f4333d01eae1319081423ffda8e6.jpg'),
(52, 'Leshrac', 'https://www.dotabuff.com/assets/heroes/leshrac-cb17a1ccabd7a609a39fbe3cc0fa85d24766dc617ce0b1ff09455cf97abd9584.jpg'),
(53, 'Nature\'s Prophet', 'https://www.dotabuff.com/assets/heroes/natures-prophet-4089cb467a9b52ba5f58271181cd59d54d552fc4f16ecaec5d1d8347b0ed47aa.jpg'),
(54, 'Lifestealer', 'https://www.dotabuff.com/assets/heroes/lifestealer-fd66cfc4ff2a0ee3919baa4df63312c3236012315c1b988ef4e3a7574719ceec.jpg'),
(55, 'Dark Seer', 'https://www.dotabuff.com/assets/heroes/dark-seer-f98af2dafa0620e9c1e2ab343801f30079b0f6343b82dea6abadccaca1b295e8.jpg'),
(56, 'Clinkz', 'https://www.dotabuff.com/assets/heroes/clinkz-a98eda30aa233c459a9c418ac683a174b768115583d3ed581c2257d01dc95662.jpg'),
(57, 'Omniknight', 'https://www.dotabuff.com/assets/heroes/omniknight-eae4bbe1d982c10009388a91cdb778e101768232788bf881d8306adf71e8f33d.jpg'),
(58, 'Enchantress', 'https://www.dotabuff.com/assets/heroes/enchantress-77ddddbbe730568c506af48adb29a1c3e96c315114ad504b726d1ad55050dc37.jpg'),
(59, 'Huskar', 'https://www.dotabuff.com/assets/heroes/huskar-0c92c20c7850c207b8228c613ad02ac0ce952f66970aa9de6286bbc0ffd8ce2a.jpg'),
(60, 'Night Stalker', 'https://www.dotabuff.com/assets/heroes/night-stalker-a2f04592ad14fd748a59e6a52b59035e1c606ea5d053facdc3b8c7da53dad6f0.jpg'),
(61, 'Broodmother', 'https://www.dotabuff.com/assets/heroes/broodmother-c1ab348b8efb1950612fafdd68baf26e661390de87d664a8848c98247f11078b.jpg'),
(62, 'Bounty Hunter', 'https://www.dotabuff.com/assets/heroes/bounty-hunter-f571df70829217c25e14a81b051a732a791a9c7558cf6d3a907a435206c41b7a.jpg'),
(63, 'Weaver', 'https://www.dotabuff.com/assets/heroes/weaver-5cc1a8369204ddb076b06719018d17334c3ae705eaf11f985e33db7265880f75.jpg'),
(64, 'Jakiro', 'https://www.dotabuff.com/assets/heroes/jakiro-13b27acc1302b653da64a4b6e37686189a79a525e97e12e60f2457659412dcde.jpg'),
(65, 'Batrider', 'https://www.dotabuff.com/assets/heroes/batrider-b39d937bb72898c35e48351405531e56f7bec2267ed77673e5be8e8a4f0c8d61.jpg'),
(66, 'Chen', 'https://www.dotabuff.com/assets/heroes/chen-31a4e35a27a5f642f7979d43a5dddf24bfe1a53f7301e779f5cdf19a7ca435a2.jpg'),
(67, 'Spectre', 'https://www.dotabuff.com/assets/heroes/spectre-17399ff49990419dc69c337a81f93477f9d5ac0030a6f950ad8184e4994130a5.jpg'),
(68, 'Ancient Apparition', 'https://www.dotabuff.com/assets/heroes/ancient-apparition-a69bca6c8bcbfe0e1040bd8c57e3b281104ee3ce16f6db3783198943197f2d3a.jpg'),
(69, 'Doom', 'https://www.dotabuff.com/assets/heroes/doom-a9944c121b3f00d505508f500bac1ed3bdf07c557d564eb95256f80499656436.jpg'),
(70, 'Ursa', 'https://www.dotabuff.com/assets/heroes/ursa-9094c7febe300462297f31437da6815ab26a9f75fcd05182d3cf07c44000f28f.jpg'),
(71, 'Spirit Breaker', 'https://www.dotabuff.com/assets/heroes/spirit-breaker-7d79bf8f58ff849459011c40b5748cd04b7c802f2fa99c3e41f4cfaf9b289534.jpg'),
(72, 'Gyrocopter', 'https://www.dotabuff.com/assets/heroes/gyrocopter-8bc551b2fc02049a49827840b07f15f73021f9611ba2f9b4f450bc66f5aec25e.jpg'),
(73, 'Alchemist', 'https://www.dotabuff.com/assets/heroes/alchemist-6fdc0ee0f57a6d79d41a3e317674ff8493087febbb0e10b89460c8b18d0559d0.jpg'),
(74, 'Invoker', 'https://www.dotabuff.com/assets/heroes/invoker-55181bdbd0495d779d0d42f765fb827f06eb447dc6f35b4866d1676ca10083e8.jpg'),
(75, 'Silencer', 'https://www.dotabuff.com/assets/heroes/silencer-c084a012ecca50c7365ed68ec9acff00b3ca69acafb8770ea27df2bb732dd1c2.jpg'),
(76, 'Outworld Destroyer', 'https://www.dotabuff.com/assets/heroes/outworld-destroyer-60496afd5b92709cbc2350ddd2257b1d6f0e1ce6dd5b2c6a4614e9ace6d2959e.jpg'),
(77, 'Lycan', 'https://www.dotabuff.com/assets/heroes/lycan-f12b8fa2508088eea37c4ad88b94d53ea87f93c645164d079a2b1ea73e44eb74.jpg'),
(78, 'Brewmaster', 'https://www.dotabuff.com/assets/heroes/brewmaster-b5478a249b90ea0aba2a5e77eff57a332f9b783c18a4993d82fdb7c8fb5c0f50.jpg'),
(79, 'Shadow Demon', 'https://www.dotabuff.com/assets/heroes/shadow-demon-12fddd4c21003d3cb9b4b598cba9a1c03a95505360a69e90166b67b18f6030cd.jpg'),
(80, 'Lone Druid', 'https://www.dotabuff.com/assets/heroes/lone-druid-1d058df2b377a59feb74d7c89fed2178beba07569a90a9bfb477980604c270ed.jpg'),
(81, 'Chaos Knight', 'https://www.dotabuff.com/assets/heroes/chaos-knight-77b2b6ab77f1ebd4d01e7711b418d640f6f8c6397b189027508573b20e39e0d5.jpg'),
(82, 'Meepo', 'https://www.dotabuff.com/assets/heroes/meepo-dc3643355944d42a53540cc5c6f713ed5346cbd1c1a8267113d7dc514ed623a3.jpg'),
(83, 'Treant Protector', 'https://www.dotabuff.com/assets/heroes/treant-protector-784fc2acb298f2c01bcc2e1918613f036b0cac15dff1f91e1bf5ac23f4f52dc6.jpg'),
(84, 'Ogre Magi', 'https://www.dotabuff.com/assets/heroes/ogre-magi-bc5e8c0620476e51edd16fbe809afc1356346cd5bcaa4899186fc09b79a9f47b.jpg'),
(85, 'Undying', 'https://www.dotabuff.com/assets/heroes/undying-9d40f17d0bf46fe4dbb5652a9de3759f1a75b7eced44a0c49ee7a49361977374.jpg'),
(86, 'Rubick', 'https://www.dotabuff.com/assets/heroes/rubick-67e61959c17ff85b4cc2946309a2033cab86b9c66675fb8d7e1b927781c86ce1.jpg'),
(87, 'Disruptor', 'https://www.dotabuff.com/assets/heroes/disruptor-2fb894146b9db904654d538b8b02578046585e1435728c1a205ef2db8a03746b.jpg'),
(88, 'Nyx Assassin', 'https://www.dotabuff.com/assets/heroes/nyx-assassin-3117b8835ed8e88ef34a6aa61705915aef2342f1cf17b421eb2a772bad72b35a.jpg'),
(89, 'Naga Siren', 'https://www.dotabuff.com/assets/heroes/naga-siren-bdf3debf145988ccfb8ad28e6278e8a453f617ee571bad89fc32ee34513d4fbe.jpg'),
(90, 'Keeper of the Light', 'https://www.dotabuff.com/assets/heroes/keeper-of-the-light-815b359e80c48b4fbeb15b0c838c51c3efdc12acd2161eaad2608b6663498e4c.jpg'),
(91, 'Io', 'https://www.dotabuff.com/assets/heroes/io-fb15f1f252244a9948b345f6a1bacaa4daabb7b49351b47992b694d07335e403.jpg'),
(92, 'Visage', 'https://www.dotabuff.com/assets/heroes/visage-cc4def230f8c1741c6d9eaa6f35e2b5d9a7437deb34bb01deedeb9e11cae8df5.jpg'),
(93, 'Slark', 'https://www.dotabuff.com/assets/heroes/slark-0d9524b422375535008a7de2877a2955b83b1739d88b9734b897afabe5e9f0f2.jpg'),
(94, 'Medusa', 'https://www.dotabuff.com/assets/heroes/medusa-b1ed5bf81314ba70b1724e049dfeaaceeed021e46461cbc6185684929062d77f.jpg'),
(95, 'Troll Warlord', 'https://www.dotabuff.com/assets/heroes/troll-warlord-e7331eecfb6813bc4a290b01a6c666c20d3dc12ea3689ae10334b2f5a4c90bae.jpg'),
(96, 'Centaur Warrunner', 'https://www.dotabuff.com/assets/heroes/centaur-warrunner-23562ed3be99ee78f0a6f2d2e3ac4f9962d3070907bf72d44dee87b4e386d062.jpg'),
(97, 'Magnus', 'https://www.dotabuff.com/assets/heroes/magnus-044b2cc612d1fab6490b607523a1a8c078cfa6869b8721520090b3daa9b34455.jpg'),
(98, 'Timbersaw', 'https://www.dotabuff.com/assets/heroes/timbersaw-89797aee60fbd545f673815ae25157fb370f5cc92fb5a57171b45b4e0f0847ba.jpg'),
(99, 'Bristleback', 'https://www.dotabuff.com/assets/heroes/bristleback-7d4ab0005807d1e8733f4a1abd1ffa1b632900037b9949f5683b512f7eb0b08e.jpg'),
(100, 'Tusk', 'https://www.dotabuff.com/assets/heroes/tusk-8124206695c2369632918603fd991e15c9186ee22227e606139e5cc23090f2a6.jpg'),
(101, 'Skywrath Mage', 'https://www.dotabuff.com/assets/heroes/skywrath-mage-71658cc597c3b963d7c0b832ff334ff684543098a4f80ee40c225c89c6721843.jpg'),
(102, 'Abaddon', 'https://www.dotabuff.com/assets/heroes/abaddon-01d9b9a7f55f569c4a81e7d5362a593a871673f91a08671ade83a0139071b47e.jpg'),
(103, 'Elder Titan', 'https://www.dotabuff.com/assets/heroes/elder-titan-9917dd3c3f3e5981de6e2793a27564650c44371f3f1cfa1edaf8af8559fd5614.jpg'),
(104, 'Legion Commander', 'https://www.dotabuff.com/assets/heroes/legion-commander-e32e4a29b11eb2bc3e89b1dc21ffaee90f30e3949f3af95bcbc784b59428fb18.jpg'),
(105, 'Techies', 'https://www.dotabuff.com/assets/heroes/techies-58f15ad2d94b54c903a73470de0233f85e3211b3190ecac86dd850044de2e34f.jpg'),
(106, 'Ember Spirit', 'https://www.dotabuff.com/assets/heroes/ember-spirit-825d6a76c284e12247e77d2ae468f1011232e0f4babc4efd7cccab0d18c8aba7.jpg'),
(107, 'Earth Spirit', 'https://www.dotabuff.com/assets/heroes/earth-spirit-80aee39d52e9fbc061a740e98acb75afb3127823ed329c19e47092f486608e05.jpg'),
(108, 'Underlord', 'https://www.dotabuff.com/assets/heroes/underlord-09ce704167b9ca67dfcfc1a27aa27e645ce2419fff66ed60ba261d42f1bd5f00.jpg'),
(109, 'Terrorblade', 'https://www.dotabuff.com/assets/heroes/terrorblade-f3df499193b9152861f33d409733d82f0ed9e3ccc94a0cb361dafc65705c3787.jpg'),
(110, 'Phoenix', 'https://www.dotabuff.com/assets/heroes/phoenix-fb6b217e35b77291c7afa71781f8930481fd05ffc640b41fe3a08fc572867622.jpg'),
(111, 'Oracle', 'https://www.dotabuff.com/assets/heroes/oracle-8aacd0673567081245a894c6b1dbd0e23148a9e5a6ea8bc678f5ed9ed4c2d730.jpg'),
(112, 'Winter Wyvern', 'https://www.dotabuff.com/assets/heroes/winter-wyvern-033edc7729d557f8e6cec262b80baa158452727e4847ff8b1ada665c5943a3d3.jpg'),
(113, 'Arc Warden', 'https://www.dotabuff.com/assets/heroes/arc-warden-74864301900af5691f590ac9a313967d923a0e2e1b1e707a5ab835df20763679.jpg'),
(114, 'Monkey King', 'https://www.dotabuff.com/assets/heroes/monkey-king-40005a4b84575986c587e8cede088782f79cb941ce48f51b91711ef2532ce4e9.jpg'),
(119, 'Dark Willow', 'https://www.dotabuff.com/assets/heroes/dark-willow-f2b968afc3a7242d25ad87f7d3e512f2271a18017f0e45dbf3a6ff88c7f61edd.jpg'),
(120, 'Pangolier', 'https://www.dotabuff.com/assets/heroes/pangolier-39345e9ff4a2eb42130db0ce2c7cb72cc6b97b8ffea1f0ce3b61bccb0a49b195.jpg'),
(121, 'Grimstroke', 'https://www.dotabuff.com/assets/heroes/grimstroke-a83ff1fed4b9254d87504ee938128e18f00df3eac3499bfde53024d41c4a53a0.jpg'),
(123, 'Hoodwink', 'https://www.dotabuff.com/assets/heroes/hoodwink-9e7fa68672aadeb468e0fb6931164e5a8b29e793103faa89aff8b85568788d06.jpg'),
(126, 'Void Spirit', 'https://www.dotabuff.com/assets/heroes/void-spirit-35ae623572b26131a54ae8761dfd5ddc208bdf79202995768c050492f1808c94.jpg'),
(128, 'Snapfire', 'https://www.dotabuff.com/assets/heroes/snapfire-c3b167ae75eea4193bbf5623aba8c76ecb1a62c63b70d4e78a07238753a0fc69.jpg'),
(129, 'Mars', 'https://www.dotabuff.com/assets/heroes/mars-6a141629d4a8923e236bbcc94044e6b63299a1c05609c253b58d243218d614c6.jpg'),
(135, 'Dawnbreaker', 'https://www.dotabuff.com/assets/heroes/dawnbreaker-2e73657989dc1d3d0f1bb2a63e7a94356bd0c599097004d5c8f2046ef04be8f9.jpg'),
(136, 'Marci', 'https://www.dotabuff.com/assets/heroes/marci-1bc877846f3b4c9d78363b7d4b0875e49e2929fb20b27748bb63657a01120052.jpg'),
(137, 'Primal Beast', 'https://www.dotabuff.com/assets/heroes/primal-beast-bcea52e5e283f68dffa9c5409c1c0f8b2161f9ef44ac7dd58943a0849b3f5f45.jpg');

-- --------------------------------------------------------

--
-- Структура таблицы `HeroItems`
--

CREATE TABLE `HeroItems` (
  `HeroId` int NOT NULL,
  `ItemId` int NOT NULL,
  `MatchId` bigint NOT NULL,
  `Backpack` int NOT NULL DEFAULT '0',
  `Slot` int NOT NULL
) ENGINE=InnoDB DEFAULT CHARSET=utf8mb4 COLLATE=utf8mb4_general_ci;

--
-- Дамп данных таблицы `HeroItems`
--

INSERT INTO `HeroItems` (`HeroId`, `ItemId`, `MatchId`, `Backpack`, `Slot`) VALUES
(6, 0, 7317973757, 1, 1),
(6, 0, 7317973757, 1, 2),
(6, 0, 7317973757, 1, 3),
(7, 0, 7316220675, 1, 2),
(14, 0, 6296817329, 0, 4),
(14, 0, 6296817329, 0, 5),
(14, 0, 6296817329, 1, 1),
(14, 0, 6296817329, 1, 2),
(14, 0, 6296817329, 1, 3),
(26, 0, 7317973757, 1, 2),
(26, 0, 7317973757, 1, 3),
(28, 0, 7317973757, 1, 3),
(29, 0, 6296817329, 0, 5),
(29, 0, 6296817329, 1, 1),
(29, 0, 6296817329, 1, 3),
(30, 0, 7316220675, 1, 3),
(32, 0, 7316220675, 1, 1),
(32, 0, 7316220675, 1, 2),
(32, 0, 7316220675, 1, 3),
(33, 0, 7316220675, 1, 1),
(33, 0, 7316220675, 1, 2),
(36, 0, 6296817329, 1, 1),
(36, 0, 6296817329, 1, 2),
(36, 0, 6296817329, 1, 3),
(39, 0, 6296817329, 1, 1),
(39, 0, 6296817329, 1, 3),
(44, 0, 6296817329, 1, 1),
(44, 0, 6296817329, 1, 2),
(44, 0, 6296817329, 1, 3),
(58, 0, 7317973757, 0, 6),
(58, 0, 7317973757, 1, 1),
(58, 0, 7317973757, 1, 2),
(58, 0, 7317973757, 1, 3),
(62, 0, 7317973757, 1, 2),
(64, 0, 6296817329, 0, 6),
(64, 0, 6296817329, 1, 1),
(64, 0, 6296817329, 1, 2),
(64, 0, 6296817329, 1, 3),
(64, 0, 7316220675, 1, 1),
(64, 0, 7316220675, 1, 2),
(64, 0, 7316220675, 1, 3),
(67, 0, 7316220675, 1, 2),
(67, 0, 7316220675, 1, 3),
(72, 0, 7317973757, 1, 2),
(72, 0, 7317973757, 1, 3),
(74, 0, 6296817329, 1, 1),
(74, 0, 6296817329, 1, 2),
(74, 0, 6296817329, 1, 3),
(74, 0, 7316220675, 1, 2),
(74, 0, 7316220675, 1, 3),
(77, 0, 7317973757, 1, 1),
(77, 0, 7317973757, 1, 2),
(77, 0, 7317973757, 1, 3),
(85, 0, 6296817329, 0, 4),
(85, 0, 6296817329, 0, 5),
(85, 0, 6296817329, 1, 1),
(85, 0, 6296817329, 1, 2),
(85, 0, 6296817329, 1, 3),
(87, 0, 6296817329, 0, 6),
(87, 0, 6296817329, 1, 1),
(87, 0, 6296817329, 1, 2),
(87, 0, 6296817329, 1, 3),
(94, 0, 6296817329, 1, 1),
(94, 0, 6296817329, 1, 2),
(94, 0, 6296817329, 1, 3),
(100, 0, 7317973757, 0, 2),
(100, 0, 7317973757, 0, 5),
(100, 0, 7317973757, 0, 6),
(100, 0, 7317973757, 1, 1),
(100, 0, 7317973757, 1, 2),
(100, 0, 7317973757, 1, 3),
(106, 0, 7316220675, 1, 2),
(106, 0, 7316220675, 1, 3),
(106, 0, 7317973757, 1, 1),
(111, 0, 7316220675, 1, 3),
(119, 0, 7316220675, 1, 2),
(119, 0, 7316220675, 1, 3),
(119, 0, 7317973757, 1, 1),
(119, 0, 7317973757, 1, 2),
(119, 0, 7317973757, 1, 3),
(7, 1, 7316220675, 0, 2),
(26, 1, 7317973757, 0, 6),
(29, 1, 6296817329, 0, 1),
(33, 1, 7316220675, 0, 3),
(36, 1, 6296817329, 0, 2),
(74, 1, 6296817329, 0, 1),
(106, 1, 7316220675, 0, 5),
(77, 2, 7317973757, 0, 5),
(72, 5, 7317973757, 0, 4),
(6, 11, 7317973757, 0, 2),
(28, 11, 7317973757, 1, 1),
(62, 11, 7317973757, 0, 3),
(77, 11, 7317973757, 0, 3),
(106, 11, 7317973757, 1, 3),
(62, 12, 7317973757, 0, 6),
(28, 13, 7317973757, 0, 3),
(26, 16, 7317973757, 0, 2),
(26, 16, 7317973757, 1, 1),
(62, 16, 7317973757, 0, 4),
(62, 16, 7317973757, 1, 3),
(36, 20, 6296817329, 0, 3),
(58, 20, 7317973757, 0, 4),
(6, 21, 7317973757, 0, 6),
(28, 25, 7317973757, 1, 2),
(72, 26, 7317973757, 0, 6),
(28, 29, 7317973757, 0, 6),
(58, 29, 7317973757, 0, 2),
(111, 29, 7316220675, 0, 6),
(119, 29, 7316220675, 0, 5),
(7, 30, 7316220675, 0, 6),
(26, 34, 7317973757, 0, 5),
(28, 34, 7317973757, 0, 4),
(6, 36, 7317973757, 0, 5),
(14, 36, 6296817329, 0, 2),
(30, 36, 7316220675, 0, 2),
(36, 36, 6296817329, 0, 4),
(39, 36, 6296817329, 1, 2),
(58, 36, 7317973757, 0, 1),
(64, 36, 7316220675, 0, 5),
(72, 36, 7317973757, 1, 1),
(87, 36, 6296817329, 0, 4),
(100, 36, 7317973757, 0, 1),
(106, 36, 7316220675, 0, 1),
(119, 36, 7317973757, 0, 1),
(28, 38, 7317973757, 0, 1),
(30, 38, 7316220675, 1, 1),
(62, 38, 7317973757, 1, 1),
(77, 38, 7317973757, 0, 4),
(119, 39, 7316220675, 1, 1),
(7, 40, 7316220675, 1, 3),
(30, 40, 7316220675, 0, 3),
(39, 40, 6296817329, 0, 2),
(64, 40, 7316220675, 0, 3),
(100, 40, 7317973757, 0, 3),
(111, 40, 7316220675, 0, 4),
(119, 40, 7316220675, 0, 6),
(39, 41, 6296817329, 0, 4),
(106, 41, 7316220675, 1, 1),
(106, 41, 7317973757, 0, 5),
(64, 42, 6296817329, 0, 5),
(26, 43, 7317973757, 0, 1),
(87, 43, 6296817329, 0, 5),
(30, 48, 7316220675, 0, 1),
(74, 48, 6296817329, 0, 4),
(74, 48, 7316220675, 0, 5),
(29, 50, 6296817329, 0, 6),
(62, 50, 7317973757, 0, 5),
(87, 50, 6296817329, 0, 2),
(106, 50, 7316220675, 0, 4),
(106, 50, 7317973757, 0, 1),
(67, 55, 7316220675, 1, 1),
(30, 59, 7316220675, 1, 2),
(6, 63, 7317973757, 0, 4),
(7, 63, 7316220675, 1, 1),
(32, 63, 7316220675, 0, 1),
(39, 63, 6296817329, 0, 6),
(44, 63, 6296817329, 0, 6),
(72, 63, 7317973757, 0, 3),
(94, 63, 6296817329, 0, 6),
(28, 65, 7317973757, 0, 2),
(33, 65, 7316220675, 0, 5),
(58, 65, 7317973757, 0, 3),
(74, 65, 6296817329, 0, 5),
(74, 65, 7316220675, 1, 1),
(119, 73, 7317973757, 0, 6),
(6, 75, 7317973757, 0, 1),
(85, 79, 6296817329, 0, 6),
(77, 86, 7317973757, 0, 6),
(77, 88, 7317973757, 0, 1),
(14, 92, 6296817329, 0, 6),
(74, 96, 6296817329, 0, 3),
(74, 96, 7316220675, 0, 1),
(39, 98, 6296817329, 0, 3),
(64, 100, 6296817329, 0, 2),
(64, 100, 7316220675, 0, 2),
(119, 100, 7316220675, 0, 2),
(119, 100, 7317973757, 0, 5),
(7, 102, 7316220675, 0, 3),
(30, 102, 7316220675, 0, 6),
(74, 102, 7316220675, 0, 4),
(111, 102, 7316220675, 0, 1),
(119, 102, 7316220675, 0, 3),
(7, 108, 7316220675, 0, 5),
(29, 108, 6296817329, 0, 2),
(32, 108, 7316220675, 0, 6),
(33, 108, 7316220675, 0, 6),
(64, 108, 7316220675, 0, 6),
(72, 108, 7317973757, 0, 5),
(74, 108, 6296817329, 0, 2),
(7, 110, 7316220675, 0, 1),
(33, 110, 7316220675, 0, 1),
(74, 110, 6296817329, 0, 6),
(7, 116, 7316220675, 0, 4),
(33, 116, 7316220675, 0, 2),
(39, 116, 6296817329, 0, 1),
(44, 116, 6296817329, 0, 5),
(106, 116, 7316220675, 0, 2),
(29, 119, 6296817329, 0, 4),
(36, 119, 6296817329, 0, 6),
(74, 119, 7316220675, 0, 6),
(67, 127, 7316220675, 0, 3),
(29, 131, 6296817329, 0, 3),
(36, 131, 6296817329, 0, 1),
(32, 135, 7316220675, 0, 3),
(44, 135, 6296817329, 0, 4),
(94, 135, 6296817329, 0, 2),
(67, 139, 7316220675, 0, 6),
(94, 139, 6296817329, 0, 1),
(67, 141, 7316220675, 0, 1),
(44, 143, 6296817329, 0, 1),
(44, 145, 6296817329, 0, 3),
(32, 147, 7316220675, 0, 4),
(67, 147, 7316220675, 0, 4),
(94, 147, 6296817329, 0, 3),
(32, 149, 7316220675, 0, 5),
(72, 149, 7317973757, 0, 2),
(62, 154, 7317973757, 0, 1),
(94, 160, 6296817329, 0, 5),
(77, 164, 7317973757, 0, 2),
(106, 166, 7317973757, 0, 2),
(44, 168, 6296817329, 0, 2),
(72, 168, 7317973757, 0, 1),
(106, 168, 7316220675, 0, 3),
(28, 172, 7317973757, 0, 5),
(32, 174, 7316220675, 0, 2),
(29, 178, 6296817329, 1, 2),
(33, 180, 7316220675, 0, 4),
(36, 180, 6296817329, 0, 5),
(64, 180, 6296817329, 0, 1),
(64, 180, 7316220675, 0, 1),
(85, 180, 6296817329, 0, 2),
(119, 180, 7317973757, 0, 3),
(26, 188, 7317973757, 0, 3),
(64, 188, 6296817329, 0, 4),
(67, 208, 7316220675, 0, 5),
(85, 210, 6296817329, 0, 1),
(14, 214, 6296817329, 0, 3),
(26, 214, 7317973757, 0, 4),
(100, 214, 7317973757, 0, 4),
(85, 215, 6296817329, 0, 3),
(64, 216, 6296817329, 0, 3),
(30, 218, 7316220675, 0, 4),
(64, 218, 7316220675, 0, 4),
(111, 218, 7316220675, 1, 1),
(119, 218, 7316220675, 0, 4),
(119, 218, 7317973757, 0, 2),
(106, 223, 7317973757, 0, 6),
(119, 223, 7316220675, 0, 1),
(119, 223, 7317973757, 0, 4),
(87, 229, 6296817329, 0, 3),
(14, 232, 6296817329, 0, 1),
(111, 232, 7316220675, 0, 5),
(6, 236, 7317973757, 0, 3),
(106, 237, 7317973757, 1, 2),
(62, 242, 7317973757, 0, 2),
(106, 249, 7316220675, 0, 6),
(67, 250, 7316220675, 0, 2),
(30, 254, 7316220675, 0, 5),
(87, 254, 6296817329, 0, 1),
(111, 254, 7316220675, 0, 2),
(39, 256, 6296817329, 0, 5),
(111, 256, 7316220675, 0, 3),
(94, 263, 6296817329, 0, 4),
(58, 265, 7317973757, 0, 5),
(74, 267, 7316220675, 0, 3),
(106, 273, 7317973757, 0, 3),
(111, 289, 7316220675, 1, 2),
(74, 534, 7316220675, 0, 2),
(106, 569, 7317973757, 0, 4),
(33, 585, 7316220675, 1, 3);

-- --------------------------------------------------------

--
-- Структура таблицы `HeroMatch`
--

CREATE TABLE `HeroMatch` (
  `HeroId` int NOT NULL,
  `MatchId` bigint NOT NULL,
  `Kills` int NOT NULL DEFAULT '0',
  `Deaths` int NOT NULL DEFAULT '0',
  `Assists` int NOT NULL DEFAULT '0',
  `NetWorth` int NOT NULL DEFAULT '0',
  `LastHits` int NOT NULL DEFAULT '0',
  `Denies` int NOT NULL DEFAULT '0',
  `GPM` int NOT NULL,
  `XPM` int NOT NULL,
  `Level` int NOT NULL,
  `NeutralItem` int NOT NULL DEFAULT '0',
  `Side` varchar(10) CHARACTER SET utf8mb4 COLLATE utf8mb4_general_ci NOT NULL,
  `TablePosition` int NOT NULL,
  `ObsPurchased` int NOT NULL DEFAULT '0',
  `SentryPurchased` int NOT NULL DEFAULT '0',
  `HeroDamage` int NOT NULL DEFAULT '0',
  `HeroHealing` int NOT NULL DEFAULT '0',
  `AccountId` int NOT NULL
) ENGINE=InnoDB DEFAULT CHARSET=utf8mb4 COLLATE=utf8mb4_general_ci;

--
-- Дамп данных таблицы `HeroMatch`
--

INSERT INTO `HeroMatch` (`HeroId`, `MatchId`, `Kills`, `Deaths`, `Assists`, `NetWorth`, `LastHits`, `Denies`, `GPM`, `XPM`, `Level`, `NeutralItem`, `Side`, `TablePosition`, `ObsPurchased`, `SentryPurchased`, `HeroDamage`, `HeroHealing`, `AccountId`) VALUES
(6, 7317973757, 2, 5, 1, 6793, 98, 4, 341, 330, 10, 288, 'radiant', 3, 0, 0, 3343, 0, 0),
(7, 7316220675, 10, 7, 19, 21011, 189, 5, 517, 800, 26, 571, 'dire', 9, 0, 0, 29540, 192, 0),
(14, 6296817329, 4, 11, 14, 9867, 46, 0, 316, 494, 19, 326, 'dire', 7, 4, 1, 13890, 1888, 284961240),
(26, 7317973757, 0, 4, 8, 6297, 26, 3, 318, 303, 10, 375, 'dire', 6, 0, 0, 3425, 0, 178669090),
(28, 7317973757, 0, 3, 0, 5745, 84, 0, 285, 320, 10, 945, 'radiant', 0, 0, 0, 610, 0, 0),
(29, 6296817329, 5, 2, 24, 17805, 203, 1, 501, 749, 23, 574, 'dire', 8, 0, 0, 19768, 0, 305761866),
(30, 7316220675, 4, 11, 16, 11853, 54, 8, 335, 561, 21, 336, 'dire', 6, 0, 0, 11810, 4041, 178669090),
(32, 7316220675, 22, 10, 11, 20318, 225, 4, 576, 816, 25, 309, 'radiant', 0, 0, 0, 39643, 0, 0),
(33, 7316220675, 2, 12, 13, 19316, 231, 18, 512, 468, 19, 290, 'radiant', 2, 0, 0, 17795, 0, 135418126),
(36, 6296817329, 6, 8, 9, 11262, 122, 8, 360, 415, 17, 676, 'radiant', 0, 0, 0, 16436, 2502, 0),
(39, 6296817329, 5, 7, 8, 13769, 202, 17, 430, 536, 20, 675, 'radiant', 2, 2, 1, 16977, 110, 103196892),
(44, 6296817329, 8, 4, 3, 22165, 382, 14, 693, 886, 25, 361, 'radiant', 4, 0, 0, 27713, 0, 463024240),
(58, 7317973757, 1, 7, 1, 4841, 56, 1, 244, 253, 9, 990, 'radiant', 1, 0, 0, 5633, 0, 0),
(62, 7317973757, 4, 0, 9, 12634, 97, 0, 600, 493, 13, 378, 'dire', 9, 0, 0, 7101, 0, 6064537),
(64, 6296817329, 2, 12, 12, 5665, 21, 1, 251, 346, 15, 326, 'radiant', 3, 11, 25, 12877, 0, 78988269),
(64, 7316220675, 6, 9, 14, 9593, 110, 2, 338, 433, 18, 300, 'radiant', 1, 0, 0, 24015, 192, 0),
(67, 7316220675, 27, 6, 17, 38280, 359, 1, 893, 919, 30, 638, 'dire', 7, 0, 0, 62617, 0, 870139),
(72, 7317973757, 5, 1, 6, 16308, 226, 19, 797, 694, 16, 838, 'dire', 7, 0, 0, 10325, 0, 165155309),
(74, 6296817329, 22, 3, 13, 24662, 269, 24, 758, 838, 25, 306, 'dire', 9, 2, 0, 40757, 0, 163510670),
(74, 7316220675, 5, 4, 22, 24852, 272, 10, 600, 678, 23, 309, 'dire', 5, 0, 0, 24259, 0, 163510670),
(77, 7317973757, 0, 3, 0, 5526, 81, 14, 265, 303, 10, 1076, 'radiant', 4, 0, 0, 2698, 0, 0),
(85, 6296817329, 4, 13, 12, 8230, 47, 1, 286, 345, 15, 290, 'radiant', 1, 2, 3, 7348, 3542, 110248975),
(87, 6296817329, 0, 10, 26, 9151, 34, 1, 318, 465, 18, 675, 'dire', 6, 8, 14, 8667, 280, 88575216),
(94, 6296817329, 11, 1, 14, 28686, 488, 7, 846, 932, 26, 309, 'dire', 5, 0, 0, 39579, 0, 174733177),
(100, 7317973757, 2, 8, 1, 2790, 7, 2, 155, 160, 7, 375, 'radiant', 2, 0, 0, 3036, 125, 58149408),
(106, 7316220675, 9, 9, 10, 19804, 320, 5, 571, 816, 26, 950, 'radiant', 3, 0, 0, 30831, 0, 301543914),
(106, 7317973757, 9, 0, 5, 13296, 138, 0, 641, 581, 14, 838, 'dire', 5, 0, 0, 15131, 0, 163510670),
(111, 7316220675, 5, 15, 21, 14404, 11, 4, 349, 462, 19, 290, 'dire', 8, 0, 0, 9816, 10101, 90300695),
(119, 7316220675, 4, 11, 14, 9763, 47, 6, 261, 399, 18, 949, 'radiant', 4, 0, 0, 10956, 125, 0),
(119, 7317973757, 8, 0, 7, 8690, 25, 0, 428, 427, 12, 840, 'dire', 8, 0, 0, 8710, 0, 405893331);

-- --------------------------------------------------------

--
-- Структура таблицы `Item`
--

CREATE TABLE `Item` (
  `Id` int NOT NULL,
  `Name` varchar(100) COLLATE utf8mb4_general_ci NOT NULL,
  `Image` varchar(200) CHARACTER SET utf8mb4 COLLATE utf8mb4_general_ci DEFAULT NULL
) ENGINE=InnoDB DEFAULT CHARSET=utf8mb4 COLLATE=utf8mb4_general_ci;

--
-- Дамп данных таблицы `Item`
--

INSERT INTO `Item` (`Id`, `Name`, `Image`) VALUES
(1, 'Blink Dagger', 'https://www.dotabuff.com/assets/items/blink-dagger-449f74da203ae597649ab49d4197f03854ecb88a39da13313449affac98dd8f6.jpg'),
(2, 'Blades of Attack', 'https://www.dotabuff.com/assets/items/blades-of-attack-82120e5c7d57f8a223af7bbd563931e973c184fa07e3337c11a85071981707db.jpg'),
(3, 'Broadsword', 'https://www.dotabuff.com/assets/items/broadsword-52885443835ea1f0ad3d560d400b384105c581bccc6219e5078bc010a857ef1a.jpg'),
(4, 'Chainmail', 'https://www.dotabuff.com/assets/items/chainmail-56b4f2845838446cd0b550f0286b8ae52c230facc2fc033c8083c9e83eb8d094.jpg'),
(5, 'Claymore', 'https://www.dotabuff.com/assets/items/claymore-5494dd5f8bd1a2c9559757b070d1b6ed814875e95fae34cd76933bcaa3d7804d.jpg'),
(6, 'Helm of Iron Will', 'https://www.dotabuff.com/assets/items/helm-of-iron-will-5d1eacd861a61abd6f83af884c1e513fff0b7a08f553438983e2208b3a9f2132.jpg'),
(7, 'Javelin', 'https://www.dotabuff.com/assets/items/javelin-a14a7f2e56cfe2a4a0a6c1a6dd208bb16bcb4c5e1e82c7efebe4da8d206e4d5e.jpg'),
(8, 'Mithril Hammer', 'https://www.dotabuff.com/assets/items/mithril-hammer-e24907d1f3a2d163da88ffde268ceeb63ec07b8abe3aaa8a541d47a5e1c73fbf.jpg'),
(9, 'Platemail', 'https://www.dotabuff.com/assets/items/platemail-23050e7afa6439c74df455056babb0eaaf877fc0dc4530c389506ed94094559f.jpg'),
(10, 'Quarterstaff', 'https://www.dotabuff.com/assets/items/quarterstaff-c0a5e36df7853a129c1bf4716dfde90ea6140b5f540e45078809ae39cfad08bc.jpg'),
(11, 'Quelling Blade', 'https://www.dotabuff.com/assets/items/quelling-blade-80f68dd7666ccf5c7b65fcc2456990f6c51c73177286cda8a4c9ce86ef865760.jpg'),
(12, 'Ring of Protection', 'https://www.dotabuff.com/assets/items/ring-of-protection-4927ece93f496e3c006d7e213787f941a023a3f65819487effce66519293f37a.jpg'),
(13, 'Gauntlets of Strength', 'https://www.dotabuff.com/assets/items/gauntlets-of-strength-903b71a0967b77fb62c2c90502bcf9675978a33a87d0f3f9959c02238ad8710f.jpg'),
(14, 'Slippers of Agility', 'https://www.dotabuff.com/assets/items/slippers-of-agility-6570d7715e903a50af0bb44bd3ecedc5278b7c21f9448e9ead9940b3c58ce940.jpg'),
(15, 'Mantle of Intelligence', 'https://www.dotabuff.com/assets/items/mantle-of-intelligence-9eb4c7f2116bd97a0c3352f8fa7ff3d09b5b59cc4e2d0fdfbb1484e8b13b207a.jpg'),
(16, 'Iron Branch', 'https://www.dotabuff.com/assets/items/iron-branch-7ce75578432b26e78f4e6f75de3cd36ce9fe271a442b6f2e7ab88a1f890379e2.jpg'),
(17, 'Belt of Strength', 'https://www.dotabuff.com/assets/items/belt-of-strength-f60796335d228af6b7519c7f0b35743ce309a45af9e2e405c2c44e74bfdc1efe.jpg'),
(18, 'Band of Elvenskin', 'https://www.dotabuff.com/assets/items/band-of-elvenskin-df0b39317acf7ba79049194b20f683736409e6d5c04e3181a63318eb9c14c0aa.jpg'),
(19, 'Robe of the Magi', 'https://www.dotabuff.com/assets/items/robe-of-the-magi-10d0241750c141afc9f8b1eb15e1e03517667af2a1f7841caf94352540a7dbab.jpg'),
(20, 'Circlet', 'https://www.dotabuff.com/assets/items/circlet-eec7519e111412e6521d1acde0b6d18d7960e9913bc9605a8c8dcdb02ec82200.jpg'),
(21, 'Ogre Axe', 'https://www.dotabuff.com/assets/items/ogre-axe-54c2abab2bcd09b65c8fc84e692f12bbcd2e1f6e13d120e83008e1040fff830d.jpg'),
(22, 'Blade of Alacrity', 'https://www.dotabuff.com/assets/items/blade-of-alacrity-054711c3d72369e92859d8f10d08d170bce9244c044ef27a163036fb3347495b.jpg'),
(23, 'Staff of Wizardry', 'https://www.dotabuff.com/assets/items/staff-of-wizardry-34788f2c2462ce4f87cde0f33725bebd6d97801bcbfccd48027896762eb7e780.jpg'),
(24, 'Ultimate Orb', 'https://www.dotabuff.com/assets/items/ultimate-orb-b96f64b81c1fc4cb3566970709fc9c28143242fe173adaba880162e192b8b5e4.jpg'),
(25, 'Gloves of Haste', 'https://www.dotabuff.com/assets/items/gloves-of-haste-ae6e290ea549bb1b8d443b3bb732c4b086fe06a1cb00752044d1d734e9cf9777.jpg'),
(26, 'Morbid Mask', 'https://www.dotabuff.com/assets/items/morbid-mask-4c40dd6b36074d0336a10eb2f5938a11a0065fc066fee94da6e1475debda037c.jpg'),
(27, 'Ring of Regen', 'https://www.dotabuff.com/assets/items/ring-of-regen-e94164ab26ddd57a40641cb4d1ccbb5d950b9b7016daef7035fb481acbe99ae9.jpg'),
(29, 'Boots of Speed', 'https://www.dotabuff.com/assets/items/boots-of-speed-54621603765d852780eee062e7ef665f196fe11fe49225f404dbf22ee0920532.jpg'),
(30, 'Gem of True Sight', 'https://www.dotabuff.com/assets/items/gem-of-true-sight-608edc29da6c91b70b187a2b07357138f0c3b601263b0a0ff6b2f2a8c426581b.jpg'),
(31, 'Cloak', 'https://www.dotabuff.com/assets/items/cloak-42f2d830eed6a877dae3e132dafc252f8d271801777da8d0a072b255facd966a.jpg'),
(32, 'Talisman of Evasion', 'https://www.dotabuff.com/assets/items/talisman-of-evasion-882acd2ca111802a3744577a3985694788109c28e6a00eadd00bd76393a221eb.jpg'),
(33, 'Cheese', 'https://www.dotabuff.com/assets/items/cheese-374251424ae090d07f45c58125b6903fc294ea48c17f40da7e0b965bb29fa3f8.jpg'),
(34, 'Magic Stick', 'https://www.dotabuff.com/assets/items/magic-stick-57e54e01e81dba9055ec12e2e77a3e023e2998e2c111eef70dc8e8cbeda562d9.jpg'),
(35, 'Recipe: Magic Wand', 'https://www.dotabuff.com/assets/items/recipe-fd9b7a6bfa829f8757eb5edb907e2c053a9779238a47d4c77b13fd1e0dafc9a2.jpg'),
(36, 'Magic Wand', 'https://www.dotabuff.com/assets/items/magic-wand-291ce35effb143ba52754eb3361958a7a910188b4227aa474a1adeff9f217f05.jpg'),
(37, 'Ghost Scepter', 'https://www.dotabuff.com/assets/items/ghost-scepter-9cb129c54c53d7f1fac7706647e775533bbb4f800739aa6895b69a60687b71b3.jpg'),
(38, 'Clarity', 'https://www.dotabuff.com/assets/items/clarity-379187657b18b357aa9f12d887beb11ae3790f632a13122076e1da92aa235afa.jpg'),
(39, 'Healing Salve', 'https://www.dotabuff.com/assets/items/healing-salve-407b369b000a6186d0e8ceacae715354e8004a04c56f82e67a43c106fd709f14.jpg'),
(40, 'Dust of Appearance', 'https://www.dotabuff.com/assets/items/dust-of-appearance-2285eb17b65ca26a084b50ac26404624b4a85c31b576aa7f047f4839c0f349da.jpg'),
(41, 'Bottle', 'https://www.dotabuff.com/assets/items/bottle-42552d5b366fc635fadf6808585f42379c407c0e5a0270f31a9e332e3ad9b55f.jpg'),
(42, 'Observer Ward', 'https://www.dotabuff.com/assets/items/observer-ward-b69fc73e3611d1c57907e4f86f3dddcdf3d6104c53304dd40149002e41302700.jpg'),
(43, 'Sentry Ward', 'https://www.dotabuff.com/assets/items/sentry-ward-5017b4c10ebfec90d5709db6a98128c40da8c29ab7be793697ea491cfa2b84c4.jpg'),
(44, 'Tango', 'https://www.dotabuff.com/assets/items/tango-b883cc5f15b6abcf7ad9033db26a4f7aa93a0ac5df7e61be36a9c51ab9673b9d.jpg'),
(45, 'Animal Courier', 'https://www.dotabuff.com/assets/items/animal-courier-97239d5fa80f629ff0360bab83f182a3f992479f5f32ee3ec514340ab583393b.jpg'),
(46, 'Town Portal Scroll', 'https://www.dotabuff.com/assets/items/town-portal-scroll-921bf6ea8b0d122bb2016a620e9afaaf567333fe8a05a9472f9bcd6978e0f98d.jpg'),
(47, 'Recipe: Boots of Travel', 'https://www.dotabuff.com/assets/items/recipe-fd9b7a6bfa829f8757eb5edb907e2c053a9779238a47d4c77b13fd1e0dafc9a2.jpg'),
(48, 'Boots of Travel', 'https://www.dotabuff.com/assets/items/boots-of-travel-f8de4cb0e5f64b22527fd9b779b8a0ade80c3f079c87c2438d98668ad429e55c.jpg'),
(49, 'Recipe: Phase Boots', 'https://www.dotabuff.com/assets/items/boots-of-travel-f8de4cb0e5f64b22527fd9b779b8a0ade80c3f079c87c2438d98668ad429e55c.jpg'),
(50, 'Phase Boots', 'https://www.dotabuff.com/assets/items/phase-boots-13f551843b66c2f065edc4a2815d4883441835133ca012e5616c231c1422d03c.jpg'),
(51, 'Demon Edge', 'https://www.dotabuff.com/assets/items/demon-edge-fa93d1341970df1f3e3cdf186c5043f6463f0224bef35791db8bf56f7b68fb2d.jpg'),
(52, 'Eaglesong', 'https://www.dotabuff.com/assets/items/eaglesong-c993851159e9ae78cc9884675ef83c2802688b6393c08f0f191a4a1311898d39.jpg'),
(53, 'Reaver', 'https://www.dotabuff.com/assets/items/reaver-d7240cc56de5897c90e841ce35a10eec57b23811d220a66bb1cdd8ed8a5592b8.jpg'),
(54, 'Sacred Relic', 'https://www.dotabuff.com/assets/items/sacred-relic-9aad6a02f030533d365991192bdc3c6aa8f67870f207e5bd5c87715266b95459.jpg'),
(55, 'Hyperstone', 'https://www.dotabuff.com/assets/items/hyperstone-43f5f9cef61a2f8b6f803d706d5e78a7a93c7caa6e4605ebf61ce3c5a673db75.jpg'),
(56, 'Ring of Health', 'https://www.dotabuff.com/assets/items/ring-of-health-82c602099c0b1a3a3307d3f7f3c90f9a50317a45eaea1c65157c43547146ff28.jpg'),
(57, 'Void Stone', 'https://www.dotabuff.com/assets/items/void-stone-7bdc03aed60e8f0a1f3c82f9b0de122c6bd65168d02f10c4b9ad34aab730fd92.jpg'),
(58, 'Mystic Staff', 'https://www.dotabuff.com/assets/items/mystic-staff-fd341ae297a87eac8272ab010557c7272ab9f5f2c3ed9492d1379f202cad4d1c.jpg'),
(59, 'Energy Booster', 'https://www.dotabuff.com/assets/items/energy-booster-420ed766a8595982dfe7352e2f410afebb98c51035ed85bf57b1629883b1e07c.jpg'),
(60, 'Point Booster', 'https://www.dotabuff.com/assets/items/point-booster-8b23ced5160f1628384eaa997b10b382f88790c5079a3411e0fa0c6dd89a47d4.jpg'),
(61, 'Vitality Booster', 'https://www.dotabuff.com/assets/items/vitality-booster-8f17283a9baf56df61d2fb847d35136fa224ecbddbdd698bffa31a639ec55f1c.jpg'),
(62, 'Recipe: Power Treads', 'https://www.dotabuff.com/assets/items/recipe-fd9b7a6bfa829f8757eb5edb907e2c053a9779238a47d4c77b13fd1e0dafc9a2.jpg'),
(63, 'Power Treads', 'https://www.dotabuff.com/assets/items/power-treads-b8799ce5df9966df861ae54f18e5b7044a0ce9fb5a0bf7778e0ae5c4b2dbccf7.jpg'),
(64, 'Recipe: Hand of Midas', 'https://www.dotabuff.com/assets/items/recipe-fd9b7a6bfa829f8757eb5edb907e2c053a9779238a47d4c77b13fd1e0dafc9a2.jpg'),
(65, 'Hand of Midas', 'https://www.dotabuff.com/assets/items/hand-of-midas-89ef501a8e9d6e2102b1cda4c0453ac6fb83ea5582598d22359290ad91c02c8d.jpg'),
(66, 'Recipe: Oblivion Staff', 'https://www.dotabuff.com/assets/items/recipe-fd9b7a6bfa829f8757eb5edb907e2c053a9779238a47d4c77b13fd1e0dafc9a2.jpg'),
(67, 'Oblivion Staff', 'https://www.dotabuff.com/assets/items/oblivion-staff-a01258a0f4826f7040713605900612b71910a32cc6fa1def8fc2d91b49358dea.jpg'),
(68, 'Recipe: Perseverance', 'https://www.dotabuff.com/assets/items/recipe-fd9b7a6bfa829f8757eb5edb907e2c053a9779238a47d4c77b13fd1e0dafc9a2.jpg'),
(69, 'Perseverance', 'https://www.dotabuff.com/assets/items/perseverance-ecee6c1fbdaf8a30684573b6bb7ef3eec597c22a7181710e3cd6d6fc1c08ffb9.jpg'),
(72, 'Recipe: Bracer', 'https://www.dotabuff.com/assets/items/recipe-fd9b7a6bfa829f8757eb5edb907e2c053a9779238a47d4c77b13fd1e0dafc9a2.jpg'),
(73, 'Bracer', 'https://www.dotabuff.com/assets/items/bracer-fa9d8020277b98bede35048eb758e09017b344f7c2d0cb35291f3c38459524b5.jpg'),
(74, 'Recipe: Wraith Band', 'https://www.dotabuff.com/assets/items/recipe-fd9b7a6bfa829f8757eb5edb907e2c053a9779238a47d4c77b13fd1e0dafc9a2.jpg'),
(75, 'Wraith Band', 'https://www.dotabuff.com/assets/items/wraith-band-635b2c609d5a4d9331b7cace56ba8731da60162132c60ede1d7051f132f507a6.jpg'),
(76, 'Recipe: Null Talisman', 'https://www.dotabuff.com/assets/items/recipe-fd9b7a6bfa829f8757eb5edb907e2c053a9779238a47d4c77b13fd1e0dafc9a2.jpg'),
(77, 'Null Talisman', 'https://www.dotabuff.com/assets/items/null-talisman-8f96732319676c92aeb382899ab1584c69742f4af12e636200f4b96a9f05e7dc.jpg'),
(78, 'Recipe: Mekansm', 'https://www.dotabuff.com/assets/items/recipe-fd9b7a6bfa829f8757eb5edb907e2c053a9779238a47d4c77b13fd1e0dafc9a2.jpg'),
(79, 'Mekansm', 'https://www.dotabuff.com/assets/items/mekansm-d6635ceeb6cf422111ca1a175ca49c21591d769b7fc5bb82918435bff99f99e3.jpg'),
(85, 'Recipe: Buckler', 'https://www.dotabuff.com/assets/items/recipe-fd9b7a6bfa829f8757eb5edb907e2c053a9779238a47d4c77b13fd1e0dafc9a2.jpg'),
(86, 'Buckler', 'https://www.dotabuff.com/assets/items/buckler-70ced1dd23d3477093cac984dad05cda7de6888de9f64957beb3ef634f63649c.jpg'),
(87, 'Recipe: Ring of Basilius', 'https://www.dotabuff.com/assets/items/recipe-fd9b7a6bfa829f8757eb5edb907e2c053a9779238a47d4c77b13fd1e0dafc9a2.jpg'),
(88, 'Ring of Basilius', 'https://www.dotabuff.com/assets/items/ring-of-basilius-7ed395db5ce51c8379fb5bad39e228250a471a22a0c13827ca2aee2b96b79db3.jpg'),
(89, 'Recipe: Pipe of Insight', 'https://www.dotabuff.com/assets/items/recipe-fd9b7a6bfa829f8757eb5edb907e2c053a9779238a47d4c77b13fd1e0dafc9a2.jpg'),
(90, 'Pipe of Insight', 'https://www.dotabuff.com/assets/items/pipe-of-insight-1feb05f08de2abea881df1fc9601a029acf2dc570e26049fe414ce54e54cda4e.jpg'),
(91, 'Recipe: Urn of Shadows', 'https://www.dotabuff.com/assets/items/recipe-fd9b7a6bfa829f8757eb5edb907e2c053a9779238a47d4c77b13fd1e0dafc9a2.jpg'),
(92, 'Urn of Shadows', 'https://www.dotabuff.com/assets/items/urn-of-shadows-53899a823610a35d10c0e6ac103afac1eff22d48851a0ca637a993ee0ad91cc7.jpg'),
(93, 'Recipe: Headdress', 'https://www.dotabuff.com/assets/items/recipe-fd9b7a6bfa829f8757eb5edb907e2c053a9779238a47d4c77b13fd1e0dafc9a2.jpg'),
(94, 'Headdress', 'https://www.dotabuff.com/assets/items/headdress-69af6f7d619f322796ba795a6686926f67a6a07b7c07cdda7daadf33fc95602d.jpg'),
(95, 'Recipe: Scythe of Vyse', 'https://www.dotabuff.com/assets/items/recipe-fd9b7a6bfa829f8757eb5edb907e2c053a9779238a47d4c77b13fd1e0dafc9a2.jpg'),
(96, 'Scythe of Vyse', 'https://www.dotabuff.com/assets/items/scythe-of-vyse-7acddec6186e80029f0bc0c6aabec6d0d87969ae525ba02e6cc51911079ba62e.jpg'),
(97, 'Recipe: Orchid Malevolence', 'https://www.dotabuff.com/assets/items/recipe-fd9b7a6bfa829f8757eb5edb907e2c053a9779238a47d4c77b13fd1e0dafc9a2.jpg'),
(98, 'Orchid Malevolence', 'https://www.dotabuff.com/assets/items/orchid-malevolence-0805d230b8225bc01b3f79f588e4ab9a030dec85c9568440bb63c1f5f57bfa3d.jpg'),
(100, 'Eul\'s Scepter of Divinity', 'https://www.dotabuff.com/assets/items/euls-scepter-of-divinity-b217107e7451daf763a6ce437ffdebc0fde5eee3c6ff2ad8045f48bf290e5224.jpg'),
(101, 'Recipe: Force Staff', 'https://www.dotabuff.com/assets/items/recipe-fd9b7a6bfa829f8757eb5edb907e2c053a9779238a47d4c77b13fd1e0dafc9a2.jpg'),
(102, 'Force Staff', 'https://www.dotabuff.com/assets/items/force-staff-4b3d277409d6ba44370d284a064f059720c0a80941fc685cd88b14ff54f6c1a9.jpg'),
(103, 'Recipe: Dagon', 'https://www.dotabuff.com/assets/items/recipe-fd9b7a6bfa829f8757eb5edb907e2c053a9779238a47d4c77b13fd1e0dafc9a2.jpg'),
(104, 'Dagon', 'https://www.dotabuff.com/assets/items/dagon-f71c279563599dff17905f03ba94ac2cfa5b81f6ed2afd67f4145f2e64128b59.jpg'),
(105, 'Recipe: Necronomicon', 'https://www.dotabuff.com/assets/items/recipe-fd9b7a6bfa829f8757eb5edb907e2c053a9779238a47d4c77b13fd1e0dafc9a2.jpg'),
(106, 'Necronomicon', 'https://www.dotabuff.com/assets/items/necronomicon-e7b22c09af1a8a7ecb5457a98c11c07c354a0de0bf68d707117f84fae047de83.jpg'),
(108, 'Aghanim\'s Scepter', 'https://www.dotabuff.com/assets/items/aghanims-scepter-16d3a4d0e09bcde9dadde721b0942ba97b00c060d1bca544e368f8007cba6646.jpg'),
(109, 'Recipe: Refresher Orb', 'https://www.dotabuff.com/assets/items/recipe-fd9b7a6bfa829f8757eb5edb907e2c053a9779238a47d4c77b13fd1e0dafc9a2.jpg'),
(110, 'Refresher Orb', 'https://www.dotabuff.com/assets/items/refresher-orb-d1e1ccf11cf0063b767deaea2b3c6c7c03103dd96355ce1d9d3706dcf9cc454d.jpg'),
(111, 'Recipe: Assault Cuirass', 'https://www.dotabuff.com/assets/items/recipe-fd9b7a6bfa829f8757eb5edb907e2c053a9779238a47d4c77b13fd1e0dafc9a2.jpg'),
(112, 'Assault Cuirass', 'https://www.dotabuff.com/assets/items/assault-cuirass-8df7fef7ce0fd4379d10e30d1adf87f904302990f5c343d413789c5583c5a09d.jpg'),
(113, 'Recipe: Heart of Tarrasque', 'https://www.dotabuff.com/assets/items/recipe-fd9b7a6bfa829f8757eb5edb907e2c053a9779238a47d4c77b13fd1e0dafc9a2.jpg'),
(114, 'Heart of Tarrasque', 'https://www.dotabuff.com/assets/items/heart-of-tarrasque-0d474b6da9f169851768f2a01e4e9882ba21f3cf02ae5b0c768d6488e80fe8e2.jpg'),
(115, 'Recipe: Black King Bar', 'https://www.dotabuff.com/assets/items/recipe-fd9b7a6bfa829f8757eb5edb907e2c053a9779238a47d4c77b13fd1e0dafc9a2.jpg'),
(116, 'Black King Bar', 'https://www.dotabuff.com/assets/items/black-king-bar-53cc00e26c7f84c5c94883ea1af33143a437391d71e0983f97e6310684d2c0a5.jpg'),
(117, 'Aegis of the Immortal', 'https://www.dotabuff.com/assets/items/aegis-of-the-immortal-f793cd0abeaacbd94d19053ed57e47c606411e25777e7aa1d045020d22561800.jpg'),
(119, 'Shiva\'s Guard', 'https://www.dotabuff.com/assets/items/shivas-guard-e6ef12a2bd3a86f727c538514e9a87b53b2221d9511f15375e2de3d04c9f74e1.jpg'),
(120, 'Recipe: Bloodstone', 'https://www.dotabuff.com/assets/items/recipe-fd9b7a6bfa829f8757eb5edb907e2c053a9779238a47d4c77b13fd1e0dafc9a2.jpg'),
(121, 'Bloodstone', 'https://www.dotabuff.com/assets/items/bloodstone-f73b47ec41e9580fa9b4d38a75cebfc164b6096b09c74be4494fb6a5de429988.jpg'),
(124, 'Recipe: Vanguard', 'https://www.dotabuff.com/assets/items/recipe-fd9b7a6bfa829f8757eb5edb907e2c053a9779238a47d4c77b13fd1e0dafc9a2.jpg'),
(125, 'Vanguard', 'https://www.dotabuff.com/assets/items/vanguard-7037ee4a436b89ddc4421a3bb64ca494f35f3080bf790fb90ba2b45aee73569c.jpg'),
(126, 'Recipe: Blade Mail', 'https://www.dotabuff.com/assets/items/recipe-fd9b7a6bfa829f8757eb5edb907e2c053a9779238a47d4c77b13fd1e0dafc9a2.jpg'),
(127, 'Blade Mail', 'https://www.dotabuff.com/assets/items/blade-mail-1f51a7490785400d1e9848b5890956adb717218eae81602ea410931c0af21df5.jpg'),
(128, 'Recipe: Soul Booster', 'https://www.dotabuff.com/assets/items/recipe-fd9b7a6bfa829f8757eb5edb907e2c053a9779238a47d4c77b13fd1e0dafc9a2.jpg'),
(129, 'Soul Booster', 'https://www.dotabuff.com/assets/items/soul-booster-3836e1d038f47a9f0cf6c6c2492f2b3fa5db315c7f4849e41801ba12ab985963.jpg'),
(130, 'Recipe: Hood of Defiance', 'https://www.dotabuff.com/assets/items/recipe-fd9b7a6bfa829f8757eb5edb907e2c053a9779238a47d4c77b13fd1e0dafc9a2.jpg'),
(131, 'Hood of Defiance', 'https://www.dotabuff.com/assets/items/hood-of-defiance-4ab191c4a09e705f960ff52845865ba6bc31a0178312949de5e8d8e8b8e26abd.jpg'),
(132, 'Recipe: Divine Rapier', 'https://www.dotabuff.com/assets/items/recipe-fd9b7a6bfa829f8757eb5edb907e2c053a9779238a47d4c77b13fd1e0dafc9a2.jpg'),
(133, 'Divine Rapier', 'https://www.dotabuff.com/assets/items/divine-rapier-766e80a5958d1b024996871bbe43feb770e8973eb6d82bcc31216acde6cccbd8.jpg'),
(134, 'Recipe: Monkey King Bar', 'https://www.dotabuff.com/assets/items/recipe-fd9b7a6bfa829f8757eb5edb907e2c053a9779238a47d4c77b13fd1e0dafc9a2.jpg'),
(135, 'Monkey King Bar', 'https://www.dotabuff.com/assets/items/monkey-king-bar-4fe50b583da3993bb5a11da6a98987b73fc37b9109e9c114024500fd2fc9d7c3.jpg'),
(136, 'Recipe: Radiance', 'https://www.dotabuff.com/assets/items/recipe-fd9b7a6bfa829f8757eb5edb907e2c053a9779238a47d4c77b13fd1e0dafc9a2.jpg'),
(137, 'Radiance', 'https://www.dotabuff.com/assets/items/radiance-d8059134d09f9a7a3e25c7fb01311728b709f1f8858d93c485c830727b488c5d.jpg'),
(138, 'Recipe: Butterfly', 'https://www.dotabuff.com/assets/items/recipe-fd9b7a6bfa829f8757eb5edb907e2c053a9779238a47d4c77b13fd1e0dafc9a2.jpg'),
(139, 'Butterfly', 'https://www.dotabuff.com/assets/items/butterfly-476e2a8684fae3a88c5c6f4213e0cfd8a53cab77a9cd92cf3be626fae80da391.jpg'),
(140, 'Recipe: Daedalus', 'https://www.dotabuff.com/assets/items/recipe-fd9b7a6bfa829f8757eb5edb907e2c053a9779238a47d4c77b13fd1e0dafc9a2.jpg'),
(141, 'Daedalus', 'https://www.dotabuff.com/assets/items/daedalus-1760bfa6ce90deefe835d82442bf474986a55c8e06dc208031e67422eb7cc7f0.jpg'),
(142, 'Recipe: Skull Basher', 'https://www.dotabuff.com/assets/items/recipe-fd9b7a6bfa829f8757eb5edb907e2c053a9779238a47d4c77b13fd1e0dafc9a2.jpg'),
(143, 'Skull Basher', 'https://www.dotabuff.com/assets/items/skull-basher-d3528869d93c0afcc64621971d86bbf9b6617f44c51e4001625c2bfa4c2ccc63.jpg'),
(144, 'Recipe: Battle Fury', 'https://www.dotabuff.com/assets/items/recipe-fd9b7a6bfa829f8757eb5edb907e2c053a9779238a47d4c77b13fd1e0dafc9a2.jpg'),
(145, 'Battle Fury', 'https://www.dotabuff.com/assets/items/battle-fury-3064de936be9a16fbdecba66799a1f07d2031e37fed276960663d8ca203358be.jpg'),
(146, 'Recipe: Manta Style', 'https://www.dotabuff.com/assets/items/recipe-fd9b7a6bfa829f8757eb5edb907e2c053a9779238a47d4c77b13fd1e0dafc9a2.jpg'),
(147, 'Manta Style', 'https://www.dotabuff.com/assets/items/manta-style-0443a64faf59668fd66f24e863fe51f4340d3c6437ff5dfd7890f55136507a01.jpg'),
(148, 'Recipe: Crystalys', 'https://www.dotabuff.com/assets/items/recipe-fd9b7a6bfa829f8757eb5edb907e2c053a9779238a47d4c77b13fd1e0dafc9a2.jpg'),
(149, 'Crystalys', 'https://www.dotabuff.com/assets/items/crystalys-d82a1eed322ee54eb311ac722b23bd38fa4c68488009b22412e1da3050ee7854.jpg'),
(150, 'Recipe: Armlet of Mordiggian', 'https://www.dotabuff.com/assets/items/recipe-fd9b7a6bfa829f8757eb5edb907e2c053a9779238a47d4c77b13fd1e0dafc9a2.jpg'),
(151, 'Armlet of Mordiggian', 'https://www.dotabuff.com/assets/items/armlet-of-mordiggian-3ab4e8a0f67eff43c9af2cf8c3c383f9d9831095c3669bc94dfc4c6d57580b48.jpg'),
(152, 'Shadow Blade', 'https://www.dotabuff.com/assets/items/shadow-blade-ba7d77cff1f5f8e93b4b8c2f0b489cff75393620c684422b13e39c569bb2562d.jpg'),
(153, 'Recipe: Sange and Yasha', 'https://www.dotabuff.com/assets/items/recipe-fd9b7a6bfa829f8757eb5edb907e2c053a9779238a47d4c77b13fd1e0dafc9a2.jpg'),
(154, 'Sange and Yasha', 'https://www.dotabuff.com/assets/items/sange-and-yasha-b0550fd0afc788c48c489e65d42c1105e8c745a883d040b5448fba2e7db985c4.jpg'),
(155, 'Recipe: Satanic', 'https://www.dotabuff.com/assets/items/recipe-fd9b7a6bfa829f8757eb5edb907e2c053a9779238a47d4c77b13fd1e0dafc9a2.jpg'),
(156, 'Satanic', 'https://www.dotabuff.com/assets/items/satanic-66ae6b1f6935d9c2db28c70128aa7e88bbe4f80954c750fbff1057df9079d76b.jpg'),
(157, 'Recipe: Mjollnir', 'https://www.dotabuff.com/assets/items/recipe-fd9b7a6bfa829f8757eb5edb907e2c053a9779238a47d4c77b13fd1e0dafc9a2.jpg'),
(158, 'Mjollnir', 'https://www.dotabuff.com/assets/items/mjollnir-ba73ab3bc62e5925cddaf84ad218892e69bdabeea3df23339d931589849d9453.jpg'),
(159, 'Recipe: Eye of Skadi', 'https://www.dotabuff.com/assets/items/recipe-fd9b7a6bfa829f8757eb5edb907e2c053a9779238a47d4c77b13fd1e0dafc9a2.jpg'),
(160, 'Eye of Skadi', 'https://www.dotabuff.com/assets/items/eye-of-skadi-8ed7e0eb3584692e96fd4daf5695070e8caab6aeaf4792930e547c5f46853482.jpg'),
(161, 'Recipe: Sange', 'https://www.dotabuff.com/assets/items/recipe-fd9b7a6bfa829f8757eb5edb907e2c053a9779238a47d4c77b13fd1e0dafc9a2.jpg'),
(162, 'Sange', 'https://www.dotabuff.com/assets/items/sange-88895ef2ab3556c7105509c423201b1a67746e8ef04c7315aa4ddbcd7b2e2129.jpg'),
(163, 'Recipe: Helm of the Dominator', 'https://www.dotabuff.com/assets/items/recipe-fd9b7a6bfa829f8757eb5edb907e2c053a9779238a47d4c77b13fd1e0dafc9a2.jpg'),
(164, 'Helm of the Dominator', 'https://www.dotabuff.com/assets/items/helm-of-the-dominator-58eaf6d82cfe3c0201d3c73afed83e8ece8e4516485d18b2d4449e7eecd53d88.jpg'),
(165, 'Recipe: Maelstrom', 'https://www.dotabuff.com/assets/items/recipe-fd9b7a6bfa829f8757eb5edb907e2c053a9779238a47d4c77b13fd1e0dafc9a2.jpg'),
(166, 'Maelstrom', 'https://www.dotabuff.com/assets/items/maelstrom-13e9eaf3a8cd4536c3a66b5d29c3b9ff38dbd7ffcdb84b69b740682710f609fc.jpg'),
(167, 'Recipe: Desolator', 'https://www.dotabuff.com/assets/items/recipe-fd9b7a6bfa829f8757eb5edb907e2c053a9779238a47d4c77b13fd1e0dafc9a2.jpg'),
(168, 'Desolator', 'https://www.dotabuff.com/assets/items/desolator-8669c6a24957fd9b306ade5ce69eca1ea54e17d3423025dc97ee0c1838ef20e4.jpg'),
(169, 'Recipe: Yasha', 'https://www.dotabuff.com/assets/items/recipe-fd9b7a6bfa829f8757eb5edb907e2c053a9779238a47d4c77b13fd1e0dafc9a2.jpg'),
(170, 'Yasha', 'https://www.dotabuff.com/assets/items/yasha-cc1a4701975eb584696a184e2f0e36004e13ddec0b3a9fbfbbeac8c17e9dcfa1.jpg'),
(171, 'Recipe: Mask of Madness', 'https://www.dotabuff.com/assets/items/recipe-fd9b7a6bfa829f8757eb5edb907e2c053a9779238a47d4c77b13fd1e0dafc9a2.jpg'),
(172, 'Mask of Madness', 'https://www.dotabuff.com/assets/items/mask-of-madness-d2938630e56388bb0a13e3792b39086f81fd3ed18786c6489725c006884e754d.jpg'),
(173, 'Recipe: Diffusal Blade', 'https://www.dotabuff.com/assets/items/recipe-fd9b7a6bfa829f8757eb5edb907e2c053a9779238a47d4c77b13fd1e0dafc9a2.jpg'),
(174, 'Diffusal Blade', 'https://www.dotabuff.com/assets/items/diffusal-blade-b0907160439f7a6d18218c7b12966de487fa5844635854c2577e1cb92c0c3bca.jpg'),
(175, 'Recipe: Ethereal Blade', 'https://www.dotabuff.com/assets/items/recipe-fd9b7a6bfa829f8757eb5edb907e2c053a9779238a47d4c77b13fd1e0dafc9a2.jpg'),
(176, 'Ethereal Blade', 'https://www.dotabuff.com/assets/items/ethereal-blade-ca7b73af09e2a975e0ebafae718dd9627e904773478bfa8a73117b049620d63e.jpg'),
(177, 'Recipe: Soul Ring', 'https://www.dotabuff.com/assets/items/recipe-fd9b7a6bfa829f8757eb5edb907e2c053a9779238a47d4c77b13fd1e0dafc9a2.jpg'),
(178, 'Soul Ring', 'https://www.dotabuff.com/assets/items/soul-ring-a71f7b171772e29e97d41fb65c2ff9eecd628bf0cd650c33ffe2ed87a26fa3d4.jpg'),
(179, 'Recipe: Arcane Boots', 'https://www.dotabuff.com/assets/items/recipe-fd9b7a6bfa829f8757eb5edb907e2c053a9779238a47d4c77b13fd1e0dafc9a2.jpg'),
(180, 'Arcane Boots', 'https://www.dotabuff.com/assets/items/arcane-boots-c513903a11257bb8f5643b743113b563d169d2dbd2939c5d2cca4c84963b693b.jpg'),
(181, 'Orb of Venom', 'https://www.dotabuff.com/assets/items/orb-of-venom-4390aaa3f78a491bae67c17290747ed04f10a19d5d285e27a081257fe967a730.jpg'),
(182, 'Stout Shield', 'https://www.dotabuff.com/assets/items/stout-shield-97484d4f5574c2d8eb74687dab120c349602f2faca3dfcd547ea0e89482e8521.jpg'),
(183, 'Recipe: Shadow Blade', 'https://www.dotabuff.com/assets/items/recipe-fd9b7a6bfa829f8757eb5edb907e2c053a9779238a47d4c77b13fd1e0dafc9a2.jpg'),
(184, 'Recipe: Drum of Endurance', 'https://www.dotabuff.com/assets/items/recipe-fd9b7a6bfa829f8757eb5edb907e2c053a9779238a47d4c77b13fd1e0dafc9a2.jpg'),
(185, 'Drum of Endurance', 'https://www.dotabuff.com/assets/items/drum-of-endurance-6932a5cebd0b6e7483dde175f49660a3ad0608c55d11abb5989306bc53046140.jpg'),
(186, 'Recipe: Medallion of Courage', 'https://www.dotabuff.com/assets/items/recipe-fd9b7a6bfa829f8757eb5edb907e2c053a9779238a47d4c77b13fd1e0dafc9a2.jpg'),
(187, 'Medallion of Courage', 'https://www.dotabuff.com/assets/items/medallion-of-courage-8051b41af2dcd1bc4ea23a56db7855af184d4205fc4f7fd234ca899ed0be993d.jpg'),
(188, 'Smoke of Deceit', 'https://www.dotabuff.com/assets/items/smoke-of-deceit-6423eef820b67e2e4fe3a56e4cf483ddb8f17c289f188cc6ca0ba8845910a2db.jpg'),
(189, 'Recipe: Veil of Discord', 'https://www.dotabuff.com/assets/items/recipe-fd9b7a6bfa829f8757eb5edb907e2c053a9779238a47d4c77b13fd1e0dafc9a2.jpg'),
(190, 'Veil of Discord', 'https://www.dotabuff.com/assets/items/veil-of-discord-7f4dd6d01082c1c8133e43b16c1645d5e319dab2fd9ef7d551f5b9beca7a6963.jpg'),
(191, 'Recipe: Necronomicon', 'https://www.dotabuff.com/assets/items/recipe-fd9b7a6bfa829f8757eb5edb907e2c053a9779238a47d4c77b13fd1e0dafc9a2.jpg'),
(192, 'Recipe: Necronomicon', 'https://www.dotabuff.com/assets/items/recipe-fd9b7a6bfa829f8757eb5edb907e2c053a9779238a47d4c77b13fd1e0dafc9a2.jpg'),
(193, 'Necronomicon', 'https://www.dotabuff.com/assets/items/necronomicon-level-2-26dc1e2dbb7c1b969c5cf0ce5e3eefab5064e6aabf428a2c4eb84de0cf4dab6f.jpg'),
(194, 'Necronomicon', 'https://www.dotabuff.com/assets/items/necronomicon-level-3-97ca9f5ddea062a13946381dc0dfe9e1b414b894b39add7e15b8ff2c3c920976.jpg'),
(197, 'Recipe: Dagon', 'https://www.dotabuff.com/assets/items/recipe-fd9b7a6bfa829f8757eb5edb907e2c053a9779238a47d4c77b13fd1e0dafc9a2.jpg'),
(198, 'Recipe: Dagon', 'https://www.dotabuff.com/assets/items/recipe-fd9b7a6bfa829f8757eb5edb907e2c053a9779238a47d4c77b13fd1e0dafc9a2.jpg'),
(199, 'Recipe: Dagon', 'https://www.dotabuff.com/assets/items/recipe-fd9b7a6bfa829f8757eb5edb907e2c053a9779238a47d4c77b13fd1e0dafc9a2.jpg'),
(200, 'Recipe: Dagon', 'https://www.dotabuff.com/assets/items/recipe-fd9b7a6bfa829f8757eb5edb907e2c053a9779238a47d4c77b13fd1e0dafc9a2.jpg'),
(201, 'Dagon', 'https://www.dotabuff.com/assets/items/dagon-level-2-da7a6779a850dc06a9ca414ec87b86883685bf0748c0c75ce54bf558cf15e58d.jpg'),
(202, 'Dagon', 'https://www.dotabuff.com/assets/items/dagon-level-3-2f7e5c36e65a6e4470ec4905dc0953055a6459bb0a8af63dc6d3633b131e458b.jpg'),
(203, 'Dagon', 'https://www.dotabuff.com/assets/items/dagon-level-4-2ea1e978f9ce38932f4c93ce467d049dbeedc978e31cd4473139a9862b360d1f.jpg'),
(204, 'Dagon', 'https://www.dotabuff.com/assets/items/dagon-level-5-cc3968d1db6fab01aa23f38d316b281478783be492d836ef22e29c1a653f07b2.jpg'),
(205, 'Recipe: Rod of Atos', 'https://www.dotabuff.com/assets/items/recipe-fd9b7a6bfa829f8757eb5edb907e2c053a9779238a47d4c77b13fd1e0dafc9a2.jpg'),
(206, 'Rod of Atos', 'https://www.dotabuff.com/assets/items/rod-of-atos-c1bff51ed6f7cafef2f5763decc4640b9af5dde8bbb1d4b46e16349a05e384cf.jpg'),
(207, 'Recipe: Abyssal Blade', 'https://www.dotabuff.com/assets/items/recipe-fd9b7a6bfa829f8757eb5edb907e2c053a9779238a47d4c77b13fd1e0dafc9a2.jpg'),
(208, 'Abyssal Blade', 'https://www.dotabuff.com/assets/items/abyssal-blade-7dabda3d13e68326de8e0189ff7b83957a3f6936163374500d1aa168e0de0c59.jpg'),
(210, 'Heaven\'s Halberd', 'https://www.dotabuff.com/assets/items/heavens-halberd-7c3b69076839a94f1b1963a8df259861fde98f4e7860330b3d6b5d59c321a7bc.jpg'),
(211, 'Recipe: Ring of Aquila', 'https://www.dotabuff.com/assets/items/recipe-fd9b7a6bfa829f8757eb5edb907e2c053a9779238a47d4c77b13fd1e0dafc9a2.jpg'),
(212, 'Ring of Aquila', 'https://www.dotabuff.com/assets/items/ring-of-aquila-cce7753c1273dd05553113388e1dc980a5a0e6b2470d4d15c3f087cdb2347b74.jpg'),
(213, 'Recipe: Tranquil Boots', 'https://www.dotabuff.com/assets/items/recipe-fd9b7a6bfa829f8757eb5edb907e2c053a9779238a47d4c77b13fd1e0dafc9a2.jpg'),
(214, 'Tranquil Boots', 'https://www.dotabuff.com/assets/items/tranquil-boots-a19d702766a9bf26f8356dc58b0f4a6526555db483d382d37a3505632638b840.jpg'),
(215, 'Shadow Amulet', 'https://www.dotabuff.com/assets/items/shadow-amulet-097ea94df977e6e65b7ff1863419660599dd7af97e7de9f7e27a6bb1dc7a5e2a.jpg'),
(216, 'Enchanted Mango', 'https://www.dotabuff.com/assets/items/enchanted-mango-295d89cf82682615cdea3aa40cac73115ccd059306f2d0ac48e80980fcdd00f5.jpg'),
(217, 'Recipe: Observer and Sentry Wards', 'https://www.dotabuff.com/assets/items/recipe-fd9b7a6bfa829f8757eb5edb907e2c053a9779238a47d4c77b13fd1e0dafc9a2.jpg'),
(218, 'Observer and Sentry Wards', 'https://www.dotabuff.com/assets/items/observer-and-sentry-wards-2430cb4a1535c14003492720fb03f8c91078487e312ae29ac10fb95a07252baf.jpg'),
(219, 'Recipe: Boots of Travel 2', 'https://www.dotabuff.com/assets/items/recipe-fd9b7a6bfa829f8757eb5edb907e2c053a9779238a47d4c77b13fd1e0dafc9a2.jpg'),
(220, 'Boots of Travel 2', 'https://www.dotabuff.com/assets/items/boots-of-travel-level-2-719be6b9f7fd42f9c2d790f66355f5a52bee946e3fa88b1db902884a0ed6f109.jpg'),
(221, 'Recipe: Lotus Orb', 'https://www.dotabuff.com/assets/items/recipe-fd9b7a6bfa829f8757eb5edb907e2c053a9779238a47d4c77b13fd1e0dafc9a2.jpg'),
(222, 'Recipe: Meteor Hammer', 'https://www.dotabuff.com/assets/items/recipe-fd9b7a6bfa829f8757eb5edb907e2c053a9779238a47d4c77b13fd1e0dafc9a2.jpg'),
(223, 'Meteor Hammer', 'https://www.dotabuff.com/assets/items/meteor-hammer-55995aff8ae7823200e4c59062deb00cf37998663a338e9d416f0a07881eedaf.jpg'),
(224, 'Recipe: Nullifier', 'https://www.dotabuff.com/assets/items/recipe-fd9b7a6bfa829f8757eb5edb907e2c053a9779238a47d4c77b13fd1e0dafc9a2.jpg'),
(225, 'Nullifier', 'https://www.dotabuff.com/assets/items/nullifier-74fbef5f75b9c62774ad9225be0ca26a6662b808d40a16268006f2caa0ef085f.jpg'),
(226, 'Lotus Orb', 'https://www.dotabuff.com/assets/items/lotus-orb-c5d667979d4c2cbe1aff02bbd227786c89dea9f131aa9d4393d87dd2f85b7292.jpg'),
(227, 'Recipe: Solar Crest', 'https://www.dotabuff.com/assets/items/recipe-fd9b7a6bfa829f8757eb5edb907e2c053a9779238a47d4c77b13fd1e0dafc9a2.jpg'),
(228, 'Recipe: Octarine Core', 'https://www.dotabuff.com/assets/items/recipe-fd9b7a6bfa829f8757eb5edb907e2c053a9779238a47d4c77b13fd1e0dafc9a2.jpg'),
(229, 'Solar Crest', 'https://www.dotabuff.com/assets/items/solar-crest-8a1a564583786db37ca600721d45ec19cfc9616893e181c44e38464020dc8297.jpg'),
(230, 'Recipe: Guardian Greaves', 'https://www.dotabuff.com/assets/items/recipe-fd9b7a6bfa829f8757eb5edb907e2c053a9779238a47d4c77b13fd1e0dafc9a2.jpg'),
(231, 'Guardian Greaves', 'https://www.dotabuff.com/assets/items/guardian-greaves-9e3fd7755d15dc56c9ee4def1e010801a7182cfa56cab0f27c75142b07f3b32b.jpg'),
(232, 'Aether Lens', 'https://www.dotabuff.com/assets/items/aether-lens-15b26a22fb71575f1659a2965fd7ab04844a2404b2629893d9c843b7dd46ff60.jpg'),
(233, 'Recipe: Aether Lens', 'https://www.dotabuff.com/assets/items/recipe-fd9b7a6bfa829f8757eb5edb907e2c053a9779238a47d4c77b13fd1e0dafc9a2.jpg'),
(234, 'Recipe: Dragon Lance', 'https://www.dotabuff.com/assets/items/recipe-fd9b7a6bfa829f8757eb5edb907e2c053a9779238a47d4c77b13fd1e0dafc9a2.jpg'),
(235, 'Octarine Core', 'https://www.dotabuff.com/assets/items/octarine-core-845c54abca86b9b81d364c65675a0c39b40c3cc77b4c3e0376ef1b5369c572ba.jpg'),
(236, 'Dragon Lance', 'https://www.dotabuff.com/assets/items/dragon-lance-faaab3936ded26364e65b911371d2a1abdba1700ccb02be7eb8af483cac3f841.jpg'),
(237, 'Faerie Fire', 'https://www.dotabuff.com/assets/items/faerie-fire-bd47f4f502e4afd5395ab47102ec2afba2799dab4640d51b1387ac5afa5ea8f2.jpg'),
(238, 'Recipe: Iron Talon', 'https://www.dotabuff.com/assets/items/recipe-fd9b7a6bfa829f8757eb5edb907e2c053a9779238a47d4c77b13fd1e0dafc9a2.jpg'),
(239, 'Iron Talon', 'https://www.dotabuff.com/assets/items/iron-talon-f1e961a4273723cfc921cbc636ae4cc9f128d557eb3260f677edd30678476bd5.jpg'),
(240, 'Blight Stone', 'https://www.dotabuff.com/assets/items/blight-stone-4521d4f942289986de1489aff7bd4c7705983a7b8ba076dadb7715ce9d9ddd14.jpg'),
(241, 'Tango (Shared)', 'https://www.dotabuff.com/assets/items/tango-shared-b7c96f550e2a2087ea81a55b35bbdf19fca14b711ea6259a9a73f42b208d4708.jpg'),
(242, 'Crimson Guard', 'https://www.dotabuff.com/assets/items/crimson-guard-2a54a9c6c3197b489a3c321dace1e3a06eca28ff4234661f4e4b6127582a1f33.jpg'),
(243, 'Recipe: Crimson Guard', 'https://www.dotabuff.com/assets/items/recipe-fd9b7a6bfa829f8757eb5edb907e2c053a9779238a47d4c77b13fd1e0dafc9a2.jpg'),
(244, 'Wind Lace', 'https://www.dotabuff.com/assets/items/wind-lace-e5c623c212c20f6b14584a41ab184597fa09f4da18cca549da496d401e4ece0e.jpg'),
(245, 'Recipe: Bloodthorn', 'https://www.dotabuff.com/assets/items/recipe-fd9b7a6bfa829f8757eb5edb907e2c053a9779238a47d4c77b13fd1e0dafc9a2.jpg'),
(246, 'Recipe: Moon Shard', 'https://www.dotabuff.com/assets/items/recipe-fd9b7a6bfa829f8757eb5edb907e2c053a9779238a47d4c77b13fd1e0dafc9a2.jpg'),
(247, 'Moon Shard', 'https://www.dotabuff.com/assets/items/moon-shard-178cc98816d373eb26fe3d343a7df829142d8c75685dd4690b93c0f43eb24996.jpg'),
(248, 'Recipe: Silver Edge', 'https://www.dotabuff.com/assets/items/recipe-fd9b7a6bfa829f8757eb5edb907e2c053a9779238a47d4c77b13fd1e0dafc9a2.jpg'),
(249, 'Silver Edge', 'https://www.dotabuff.com/assets/items/silver-edge-48e3bb6a9033cac9d950bf140e92cd2c6c5f9a3944c67f97d3a1a8729518feee.jpg'),
(250, 'Bloodthorn', 'https://www.dotabuff.com/assets/items/bloodthorn-d07c5abdd8753ce92186545de783902e671865124123e8ba8a61f883374b648a.jpg'),
(251, 'Recipe: Echo Sabre', 'https://www.dotabuff.com/assets/items/recipe-fd9b7a6bfa829f8757eb5edb907e2c053a9779238a47d4c77b13fd1e0dafc9a2.jpg'),
(252, 'Echo Sabre', 'https://www.dotabuff.com/assets/items/echo-sabre-ba3590cd4b6b9787a5a0791b3320adaa4b1b221f7c25dfbff47ff41ede1371ff.jpg'),
(253, 'Recipe: Glimmer Cape', 'https://www.dotabuff.com/assets/items/recipe-fd9b7a6bfa829f8757eb5edb907e2c053a9779238a47d4c77b13fd1e0dafc9a2.jpg'),
(254, 'Glimmer Cape', 'https://www.dotabuff.com/assets/items/glimmer-cape-94f2842fa50062e38fb0bc93acc49796e25e52f1fa929b5308d8a486d217adfe.jpg'),
(255, 'Recipe: Aeon Disk', 'https://www.dotabuff.com/assets/items/recipe-fd9b7a6bfa829f8757eb5edb907e2c053a9779238a47d4c77b13fd1e0dafc9a2.jpg'),
(256, 'Aeon Disk', 'https://www.dotabuff.com/assets/items/aeon-disk-13063939f5c662a1eaafb045fec17a9e301cd033e417b67d9ee1921f7e4f3155.jpg'),
(257, 'Tome of Knowledge', 'https://www.dotabuff.com/assets/items/tome-of-knowledge-8e76fda78b1d7f3d29e4de5b87be81a2c0b250845722bd00b76bed46067f78a3.jpg'),
(258, 'Recipe: Kaya', 'https://www.dotabuff.com/assets/items/recipe-fd9b7a6bfa829f8757eb5edb907e2c053a9779238a47d4c77b13fd1e0dafc9a2.jpg'),
(259, 'Kaya', 'https://www.dotabuff.com/assets/items/kaya-8888e81fe39589394ed06fd66beabb645f0f6b016758964728874416a5afc466.jpg'),
(260, 'Refresher Shard', 'https://www.dotabuff.com/assets/items/refresher-shard-fa1f9d6ed65d9e30ab9ed87eb31474ada04891a6373a3d98661e30a6ac58a8a3.jpg'),
(261, 'Crown', 'https://www.dotabuff.com/assets/items/crown-859a375a1d26331ceb13d4f1c7727d03914f1a23aa78a6f3df7351f772bbcb3b.jpg'),
(262, 'Recipe: Hurricane Pike', 'https://www.dotabuff.com/assets/items/recipe-fd9b7a6bfa829f8757eb5edb907e2c053a9779238a47d4c77b13fd1e0dafc9a2.jpg'),
(263, 'Hurricane Pike', 'https://www.dotabuff.com/assets/items/hurricane-pike-23fe62cd6b477b1eaad042d0c28e4af4e3cd695b81f1cc048625a3c2d78ee0c5.jpg'),
(265, 'Infused Raindrops', 'https://www.dotabuff.com/assets/items/infused-raindrops-9ad4b01821a95bf18b80f7a56dcf0dc32f064692a10d858cd4a6fa6341fadd2d.jpg'),
(266, 'Recipe: Spirit Vessel', 'https://www.dotabuff.com/assets/items/recipe-fd9b7a6bfa829f8757eb5edb907e2c053a9779238a47d4c77b13fd1e0dafc9a2.jpg'),
(267, 'Spirit Vessel', 'https://www.dotabuff.com/assets/items/spirit-vessel-7b183f448c9a6c1c39a8ea1ffc35eb3d8bfcbd4568cdeae37b0f882416f07df6.jpg'),
(268, 'Recipe: Holy Locket', 'https://www.dotabuff.com/assets/items/recipe-fd9b7a6bfa829f8757eb5edb907e2c053a9779238a47d4c77b13fd1e0dafc9a2.jpg'),
(269, 'Holy Locket', 'https://www.dotabuff.com/assets/items/holy-locket-0cf4fe3783f516afd63356d4e6171024e043026378b82b50dbbe3fde48852b84.jpg'),
(272, 'Recipe: Kaya and Sange', 'https://www.dotabuff.com/assets/items/recipe-fd9b7a6bfa829f8757eb5edb907e2c053a9779238a47d4c77b13fd1e0dafc9a2.jpg'),
(273, 'Kaya and Sange', 'https://www.dotabuff.com/assets/items/kaya-and-sange-45666c36bcd2237d0a969bf991b92c4ae7cb60dc1b1cd96979d83630e59b1056.jpg'),
(274, 'Recipe: Yasha and Kaya', 'https://www.dotabuff.com/assets/items/recipe-fd9b7a6bfa829f8757eb5edb907e2c053a9779238a47d4c77b13fd1e0dafc9a2.jpg'),
(275, 'Recipe: Trident', 'https://www.dotabuff.com/assets/items/recipe-fd9b7a6bfa829f8757eb5edb907e2c053a9779238a47d4c77b13fd1e0dafc9a2.jpg'),
(276, 'DOTA_Tooltip_Ability_item_combo_breaker', NULL),
(277, 'Yasha and Kaya', 'https://www.dotabuff.com/assets/items/yasha-and-kaya-72099216018a995123925335489f4d2fe719898456e0b2553ca1b17726deb496.jpg'),
(279, 'Ring of Tarrasque', 'https://www.dotabuff.com/assets/items/ring-of-tarrasque-b5bf98a1c4d0b32447a1484af228c0f0cb834ff3d4a3de5cf9a78d9997813701.jpg'),
(286, 'Flying Courier', 'https://www.dotabuff.com/assets/items/flying-courier-07017c989d56ac1c5465b7a36012b61d87c709063a5a83dbcd15ac6d21003ea4.jpg'),
(287, 'Keen Optic', 'https://www.dotabuff.com/assets/items/keen-optic-830776ad186686d740a1a324158b52ae07879d2a262a39521d23276584a49c6c.jpg'),
(288, 'Grove Bow', 'https://www.dotabuff.com/assets/items/grove-bow-048f496bb27527f067dd2718716577d0d6eec316edda612cd1fd98316e7264ae.jpg'),
(289, 'Quickening Charm', 'https://www.dotabuff.com/assets/items/quickening-charm-5ab01d8b481124fbd6af30c12d670883c4e821fd434ea0c9f6a949fe1adf1126.jpg'),
(291, 'Force Boots', 'https://www.dotabuff.com/assets/items/force-boots-d7802368018a118cc7f531e016868e567348174b5bcaa32516b265a6bbb6c237.jpg'),
(292, 'Stygian Desolator', 'https://www.dotabuff.com/assets/items/stygian-desolator-2974a1bcac50a5f8cf0aee3be77a5eee374585d83a4504ae10fea0afb456ac07.jpg'),
(293, 'Phoenix Ash', 'https://www.dotabuff.com/assets/items/phoenix-ash-0bf1a6b7efce4b0e8e0135448bdfbc7b6b029c208a28fe93a6bd7b0e8e970a13.jpg'),
(294, 'Seer Stone', 'https://www.dotabuff.com/assets/items/seer-stone-512e1cc4701408a26605c53dd0a3d329467e9e486f8c5545d9c71e3dcc312f8e.jpg'),
(295, 'Greater Mango', NULL),
(297, 'Vampire Fangs', 'https://www.dotabuff.com/assets/items/vampire-fangs-26ceafda7b5e9400c23296991c573e86ce19f04658e5b5d79614ed2c51cd9727.jpg'),
(298, 'Craggy Coat', 'https://www.dotabuff.com/assets/items/craggy-coat-a8293c7be6b668acea5eacf800991c287a9aab47ae2f481f2404024a2d14081d.jpg'),
(299, 'Greater Faerie Fire', 'https://www.dotabuff.com/assets/items/greater-faerie-fire-7c8e747a6238e144e07e5661ea45b06b0d7a9f424e14439565e19ef40c2b7fa4.jpg'),
(300, 'Timeless Relic', 'https://www.dotabuff.com/assets/items/timeless-relic-83a3a07ec401522a278eaf1c4bbed1082791e4ef85c7c898133ec8a916b8f480.jpg'),
(301, 'Mirror Shield', 'https://www.dotabuff.com/assets/items/mirror-shield-c594893e406737c562673490de6fdb0ad130203dd2ef2023e910fef46e469b7f.jpg'),
(302, 'Elixir', 'https://www.dotabuff.com/assets/items/elixir-e2b27d72fa222b9e3c88b8ddffff53c9b76bf5a5fd9b425e06b25ba64c48dadc.jpg'),
(303, 'Recipe: Ironwood Tree', 'https://www.dotabuff.com/assets/items/recipe-fd9b7a6bfa829f8757eb5edb907e2c053a9779238a47d4c77b13fd1e0dafc9a2.jpg'),
(304, 'Ironwood Tree', 'https://www.dotabuff.com/assets/items/ironwood-tree-db256b993c17d52cec8c04096d848c7d53eeb18e500cc123335c2a75475b1ab2.jpg'),
(305, 'Royal Jelly', 'https://www.dotabuff.com/assets/items/royal-jelly-62f1ea488d1a4f0033b7eb6c33a4bae18e4b113a27c21043369aa8913a1bafa1.jpg'),
(307, 'Tome of Aghanim', 'https://www.dotabuff.com/assets/items/tome-of-aghanim-6434dc1059eee6f1d98e1296a70af301f2206e7d84b53dbf06eb75ee268acec9.jpg'),
(308, 'Repair Kit', 'https://www.dotabuff.com/assets/items/repair-kit-35d74a0f2cb68386892d89ad302cdb04e5ee4c2bc47003be21023b7963f5697b.jpg'),
(309, 'Mind Breaker', 'https://www.dotabuff.com/assets/items/mind-breaker-538b6627f5596613ed076b7475ca1c75e3beef2481dc83f892d48e2d42fed1f9.jpg'),
(310, 'Third Eye', 'https://www.dotabuff.com/assets/items/third-eye-f3376095a86703d7ad86b8fbefe835c46089a117a2aba1188c751c48d278919c.jpg'),
(311, 'Spell Prism', 'https://www.dotabuff.com/assets/items/spell-prism-19f0b8753b5b7dc4fa8ab72781701f5a6f63a24f29e37017c30e1ccd97282b3a.jpg'),
(312, 'Horizon', NULL),
(313, 'Fusion Rune', 'https://www.dotabuff.com/assets/items/fusion-rune-96308bbd8e517d458d069e11cd6ab1e52d964c3cb3cdf28b1d1f7547d187f5e4.jpg'),
(317, 'Recipe: Fallen Sky', 'https://www.dotabuff.com/assets/items/recipe-fd9b7a6bfa829f8757eb5edb907e2c053a9779238a47d4c77b13fd1e0dafc9a2.jpg'),
(326, 'Spider Legs', 'https://www.dotabuff.com/assets/items/spider-legs-723a96787be34a32e67ca55f2eaf3e389280434c39d1525ab1642be6e5a2f7b0.jpg'),
(327, 'Helm of the Undying', 'https://www.dotabuff.com/assets/items/helm-of-the-undying-89420c97b5a7de7bbf96c0d8dc4c8460d806d4e56064b4f781b1afd2d7cb9e0e.jpg'),
(328, 'Mango Tree', 'https://www.dotabuff.com/assets/items/mango-tree-0e8160c84b5e4edc94e0a6931a741ba468a37f68983ac7a4c63962aaa7612239.jpg'),
(329, 'Recipe: Vambrace', 'https://www.dotabuff.com/assets/items/recipe-fd9b7a6bfa829f8757eb5edb907e2c053a9779238a47d4c77b13fd1e0dafc9a2.jpg'),
(330, 'Witless Shako', 'https://www.dotabuff.com/assets/items/witless-shako-019f0ade1dae84854ff34958e8001c1a1d8c65a5c9c046c9d4ef8bc293f8c144.jpg'),
(331, 'Vambrace', 'https://www.dotabuff.com/assets/items/vambrace-de2114ecee88aeccad16224f2ae7b0d33991c25d886742ef15f9f55f913735e9.jpg'),
(334, 'Imp Claw', 'https://www.dotabuff.com/assets/items/imp-claw-1fc2a0573be2d088c87e30c1997c2bae2a890abc46408ace9e654722e5a1727f.jpg'),
(335, 'Flicker', 'https://www.dotabuff.com/assets/items/flicker-788977a88bbf705f1e98d970b530a05b403b1378eec10c65b972369b54effa72.jpg'),
(336, 'Telescope', 'https://www.dotabuff.com/assets/items/telescope-8e14f724c9d54ec1f9a25b0887a36d768390e0e453372d7836ea2c071120ddfa.jpg'),
(349, 'Arcane Ring', 'https://www.dotabuff.com/assets/items/arcane-ring-e7ccd91653259853e332d5fff1850f4e87e383e752269bc160b40cfc184ae98a.jpg'),
(354, 'Ocean Heart', 'https://www.dotabuff.com/assets/items/ocean-heart-9568cc315a394a7da9db58fe7e529cec1b5cf486b9cf22584eb21dc42c5799c4.jpg'),
(355, 'Broom Handle', 'https://www.dotabuff.com/assets/items/broom-handle-1e824c4b52e4b1fd23783a428ba19490a9461c2b7f41df1bf20ac79d025c75fa.jpg'),
(356, 'Trusty Shovel', 'https://www.dotabuff.com/assets/items/trusty-shovel-5d57ed60f2d5d2a018818278cf5ccf02224ab86fe8c9ca90c50cda04cf9a8fc1.jpg'),
(357, 'Nether Shawl', 'https://www.dotabuff.com/assets/items/nether-shawl-b10980ea85bf2accbfe708095b402069cd2772373172e4871dbf13df6a5b9bf7.jpg'),
(358, 'Dragon Scale', 'https://www.dotabuff.com/assets/items/dragon-scale-3bfd9cd656f6fd59e32f7de8fd4fd27605f9b09f6f3c65e060bfbcea6737f971.jpg'),
(359, 'Essence Ring', 'https://www.dotabuff.com/assets/items/essence-ring-a0827605cb69d993bcb1018803e2e57175801f4a90c829ed43935c7ff9da8069.jpg'),
(360, 'Clumsy Net', 'https://www.dotabuff.com/assets/items/clumsy-net-98bb4e305772d0f5deb00b2fce8373e93a2688d70c1e17aa60757e3b2c7c02f9.jpg'),
(361, 'Enchanted Quiver', 'https://www.dotabuff.com/assets/items/enchanted-quiver-077975bd81da7d9cceabc2767d88118fce760af886562690113907a0b642f278.jpg'),
(362, 'Ninja Gear', 'https://www.dotabuff.com/assets/items/ninja-gear-3c7483ef409b55e8b738782ce4dad435927aeacfd03da34afdbf3b12f7995dbd.jpg'),
(364, 'Havoc Hammer', 'https://www.dotabuff.com/assets/items/havoc-hammer-a0ae1c8f0bf0c5e8d7749dfc54064f06833df42944a0e7adfa049654438084b0.jpg'),
(365, 'Magic Lamp', 'https://www.dotabuff.com/assets/items/magic-lamp-5308260d2f4921f98cf40a11f7644bf019ce5f2c7800db3584efba70555e0bcd.jpg'),
(366, 'Apex', 'https://www.dotabuff.com/assets/items/apex-4e56977c2e48b824406d01c09d17ac2ce80608e5afde11adcf6f682c04f75bd1.jpg'),
(367, 'Ballista', 'https://www.dotabuff.com/assets/items/ballista-1a88825a26e481761f6cd9b6f070741ccabc13864fd31bb33b5aae3e65923c8c.jpg'),
(368, 'Woodland Striders', 'https://www.dotabuff.com/assets/items/woodland-striders-f221584d7785b3c22aff4902a8c1d8bd1efda5bd52e2a03a952830b6a31a18b4.jpg'),
(369, 'Trident', 'https://www.dotabuff.com/assets/items/trident-d3fa7248d5334f20e3a579b0bbacbe389be4d8b7607eaa1aaf87d8981689478d.jpg'),
(370, 'Book of the Dead', 'https://www.dotabuff.com/assets/items/book-of-the-dead-ff2057c599aa1bb08731e467ce2bc89299da9d6ad2c0b0a640ccb3978820c6b7.jpg'),
(371, 'Fallen Sky', 'https://www.dotabuff.com/assets/items/fallen-sky-c0eb02d21a2effe8b2f9d1cb5a7d383865bcc7704f3daddb7a9c2e0211739c6e.jpg'),
(372, 'Pirate Hat', 'https://www.dotabuff.com/assets/items/pirate-hat-32e65a582bc6b423c5967a616f8e256d6ecd247d7a7c91874357bad844cb8c45.jpg'),
(373, 'Dimensional Doorway', NULL),
(374, 'Ex Machina', 'https://www.dotabuff.com/assets/items/ex-machina-3928eb68a5e00dc85c7b29e45bc6ba98002bb1fdf1d2c8dcfd24afaf921c5fe3.jpg'),
(375, 'Faded Broach', 'https://www.dotabuff.com/assets/items/faded-broach-68e19a84e88be71897c8b3d24b300ba6acc0b5a2ecdfd90c2e2ea36f505bcc8e.jpg'),
(376, 'Paladin Sword', 'https://www.dotabuff.com/assets/items/paladin-sword-9a4418f5826480ba55726614d10477bca70bc37f1181690038a06d65ed3d291c.jpg'),
(377, 'Minotaur Horn', 'https://www.dotabuff.com/assets/items/minotaur-horn-5c2e036d1dbe8e9b8a334ead543efce42568517c1b5abcdf4cd21e3aaca5e43a.jpg'),
(378, 'Orb of Destruction', 'https://www.dotabuff.com/assets/items/orb-of-destruction-33a230725dcd5010f27e1abb817e377a27b27b68e7977a1c2b034858b1081e58.jpg'),
(379, 'The Leveller', 'https://www.dotabuff.com/assets/items/the-leveller-07cdfad6cce2b7ef755908d1edebb9a2de865418ff676a6bb4bc3ebf9d14d69b.jpg'),
(381, 'Titan Sliver', 'https://www.dotabuff.com/assets/items/titan-sliver-6f8d5f4d1521ff2122e0c81a047492f66594fd4f102b8a73ea5eae18c8129a1d.jpg'),
(473, 'Voodoo Mask', 'https://www.dotabuff.com/assets/items/voodoo-mask-975c89ca5a88e0db34d9b13cdba0571a3da092d8f64d342cd4d282dc02fcd7d8.jpg'),
(485, 'Blitz Knuckles', 'https://www.dotabuff.com/assets/items/blitz-knuckles-9bfe9a20a944440a1ae21ce7e3b751af4368a3e9e88b53e7154218b3542e35ef.jpg'),
(533, 'Recipe: Witch Blade', 'https://www.dotabuff.com/assets/items/recipe-fd9b7a6bfa829f8757eb5edb907e2c053a9779238a47d4c77b13fd1e0dafc9a2.jpg'),
(534, 'Witch Blade', 'https://www.dotabuff.com/assets/items/witch-blade-496d512a376bbf6d0a388830b575fbd8602fb10f9a9f0aed98192070ad52b141.jpg'),
(565, 'Chipped Vest', 'https://www.dotabuff.com/assets/items/chipped-vest-e10ecdf07e030b018fb9ff8f50b82fb79ce37c78347bef822bc2f4520f7447f5.jpg'),
(566, 'Wizard Glass', NULL),
(569, 'Orb of Corrosion', 'https://www.dotabuff.com/assets/items/orb-of-corrosion-43d8b7b7d2aa5fe4c6ab2e9557c7ef8a9999db66c014e5d634d9ede0a4b5552a.jpg'),
(570, 'Gloves of Travel', NULL),
(571, 'Trickster Cloak', 'https://www.dotabuff.com/assets/items/trickster-cloak-e3ac1be45a6fb8ca234bac493ae0f0b93433dcd7b5db567683ec07d87cf164af.jpg'),
(573, 'Elven Tunic', 'https://www.dotabuff.com/assets/items/elven-tunic-416b88ea57ffb8d6af3bbff2156a19fdf3c6cfbe61514830b76ac26f4118f643.jpg'),
(574, 'Cloak of Flames', 'https://www.dotabuff.com/assets/items/cloak-of-flames-360b992c38465688094aa5724ec0819c34a45947d2069f9106c23bd146428ec1.jpg'),
(575, 'Venom Gland', NULL),
(576, 'Helm of the Gladiator', NULL),
(577, 'Possessed Mask', 'https://www.dotabuff.com/assets/items/possessed-mask-c72bcc000ded7126fc18214ec296ce2df6a28d2ddb80234dc0b264dbc37984f8.jpg'),
(578, 'Ancient Perseverance', NULL),
(582, 'Oakheart', NULL),
(585, 'Stormcrafter', 'https://www.dotabuff.com/assets/items/stormcrafter-7b11316144533ac8c6bc09ddb89d3a54614db0175fba3d277607f643af2193af.jpg'),
(588, 'Overflowing Elixir', NULL),
(593, 'Fluffy Hat', 'https://www.dotabuff.com/assets/items/fluffy-hat-1b5e4d3180810192c9108880acf98a3ff34d778d43cde15b139299dac57642e5.jpg'),
(596, 'Falcon Blade', 'https://www.dotabuff.com/assets/items/falcon-blade-a8b0b6dba1121ed128b3592f4d8489d436d5b2577a7f93bc8d894fa557dffb8b.jpg'),
(597, 'Recipe: Mage Slayer', 'https://www.dotabuff.com/assets/items/recipe-fd9b7a6bfa829f8757eb5edb907e2c053a9779238a47d4c77b13fd1e0dafc9a2.jpg'),
(598, 'Mage Slayer', 'https://www.dotabuff.com/assets/items/mage-slayer-c2ff448fbcfcc5a493376422aca47a5972ecc453011705f585868ed9c4dcfc72.jpg'),
(599, 'Recipe: Falcon Blade', 'https://www.dotabuff.com/assets/items/recipe-fd9b7a6bfa829f8757eb5edb907e2c053a9779238a47d4c77b13fd1e0dafc9a2.jpg'),
(600, 'Overwhelming Blink', 'https://www.dotabuff.com/assets/items/overwhelming-blink-91c2f49b153dc27e67c7bf19aa03191011f190657bc07bda8a0c5a96e51854ee.jpg'),
(603, 'Swift Blink', 'https://www.dotabuff.com/assets/items/swift-blink-de9c9371803d29ada0530e287e00ee0b8abbc2b2d912aa9138dd00ef5e7dad7e.jpg'),
(604, 'Arcane Blink', 'https://www.dotabuff.com/assets/items/arcane-blink-be97b68e9e0d964affe38a13722380c7415c4e34f955f1411c727ce3364c807f.jpg'),
(606, 'Recipe: Arcane Blink', 'https://www.dotabuff.com/assets/items/recipe-fd9b7a6bfa829f8757eb5edb907e2c053a9779238a47d4c77b13fd1e0dafc9a2.jpg'),
(607, 'Recipe: Swift Blink', 'https://www.dotabuff.com/assets/items/recipe-fd9b7a6bfa829f8757eb5edb907e2c053a9779238a47d4c77b13fd1e0dafc9a2.jpg'),
(608, 'Recipe: Overwhelming Blink', 'https://www.dotabuff.com/assets/items/recipe-fd9b7a6bfa829f8757eb5edb907e2c053a9779238a47d4c77b13fd1e0dafc9a2.jpg'),
(609, 'Aghanim\'s Shard', 'https://www.dotabuff.com/assets/items/aghanims-shard-bf9def7dc51a9f3191c8303418a5ffc97cab23cbed5a9b1369254b75e8753885.jpg'),
(610, 'Wind Waker', 'https://www.dotabuff.com/assets/items/wind-waker-bd05d74116c67f25d4ff162e5cea512209c658dc5b00f74dace10e0ca47ee4f8.jpg'),
(612, 'Recipe: Wind Waker', 'https://www.dotabuff.com/assets/items/recipe-fd9b7a6bfa829f8757eb5edb907e2c053a9779238a47d4c77b13fd1e0dafc9a2.jpg');
INSERT INTO `Item` (`Id`, `Name`, `Image`) VALUES
(633, 'Recipe: Helm of the Overlord', 'https://www.dotabuff.com/assets/items/recipe-fd9b7a6bfa829f8757eb5edb907e2c053a9779238a47d4c77b13fd1e0dafc9a2.jpg'),
(635, 'Helm of the Overlord', 'https://www.dotabuff.com/assets/items/helm-of-the-overlord-1d49f1100268d8e64121be3b85e97aa5060d5c7c660d654e16241c226db3371e.jpg'),
(637, 'Star Mace', NULL),
(638, 'Penta-Edged Sword', 'https://www.dotabuff.com/assets/items/penta-edged-sword-c2c881b3b396f3443cf77af21ec4ce4eba5a87bcef46ce78f0085d050e7d2f9c.jpg'),
(640, 'Recipe: Orb of Corrosion', 'https://www.dotabuff.com/assets/items/recipe-fd9b7a6bfa829f8757eb5edb907e2c053a9779238a47d4c77b13fd1e0dafc9a2.jpg'),
(674, 'Warhammer', NULL),
(675, 'Psychic Headband', 'https://www.dotabuff.com/assets/items/psychic-headband-d8883eff3fc8ab3ff2ff10ca51b456ee84132205a267503bd8f09f2f5f91b377.jpg'),
(676, 'Ceremonial Robe', 'https://www.dotabuff.com/assets/items/ceremonial-robe-2cfdbecbec093e7b7879afcaa66bda8cacc9b51bdd3a89d38760ff8d93882376.jpg'),
(677, 'Book of Shadows', 'https://www.dotabuff.com/assets/items/book-of-shadows-01f067c2ec841977d17bec27dbab856a9d3413dad88dea24f429b7ee97b8b19c.jpg'),
(679, 'Shadow of Vengeance', NULL),
(680, 'Bullwhip', 'https://www.dotabuff.com/assets/items/bullwhip-10c18adb9103210d8b8da2cc99b7fa83e243912f73de8bc8df75bb3707ac42e3.jpg'),
(686, 'Quicksilver Amulet', 'https://www.dotabuff.com/assets/items/quicksilver-amulet-f1383e392ed23a5a49700a70acbf0daa337cf72b84f4905d5c8cbe7c41006d9d.jpg'),
(691, 'Recipe: Eternal Shroud', 'https://www.dotabuff.com/assets/items/recipe-fd9b7a6bfa829f8757eb5edb907e2c053a9779238a47d4c77b13fd1e0dafc9a2.jpg'),
(692, 'Eternal Shroud', 'https://www.dotabuff.com/assets/items/eternal-shroud-218f7e922efbe3a78a456a0fa53e528525d2b9c2a28bc6aa60f8613151141628.jpg'),
(731, 'Satchel', NULL),
(827, 'Icarus Wings', NULL),
(834, 'Blast Rig', 'https://www.dotabuff.com/assets/items/blast-rig-4ed6ff2b79323170857dadab3dc92d55f132792a86aed9d0145d79df15e986dc.jpg'),
(835, 'Fae Grenade', 'https://www.dotabuff.com/assets/items/fae-grenade-80b3ff61fdda2ea2c74a9325587845121e19902898adcfc57a9950a58108257f.jpg'),
(836, 'Light Robes', NULL),
(837, 'Witchbane', 'https://www.dotabuff.com/assets/items/witchbane-0810aa151c254f47a984b89cb2c1e63b8a864f22954d432dea63c36e05cedba1.jpg'),
(838, 'Pig Pole', 'https://www.dotabuff.com/assets/items/pig-pole-9e68c96a539fd453d40a9a7ebe2fed5e5a86cd680def51b030ed3d6aafd74e41.jpg'),
(839, 'Ring of Fortitude', NULL),
(849, 'Mechanical Arm', NULL),
(907, 'Recipe: Wraith Pact', 'https://www.dotabuff.com/assets/items/recipe-fd9b7a6bfa829f8757eb5edb907e2c053a9779238a47d4c77b13fd1e0dafc9a2.jpg'),
(908, 'Wraith Pact', 'https://www.dotabuff.com/assets/items/wraith-pact-81a8c03e2da2e3c0158fecc9748876a7b1bf58fd05f30f98d2d4dd7f3344f216.jpg'),
(930, 'Recipe: Boots of Bearing', 'https://www.dotabuff.com/assets/items/recipe-fd9b7a6bfa829f8757eb5edb907e2c053a9779238a47d4c77b13fd1e0dafc9a2.jpg'),
(931, 'Boots of Bearing', 'https://www.dotabuff.com/assets/items/boots-of-bearing-db9372041f25728edf74c5a7afe23d8cf3ebaca68d439055cb5f961084a80778.jpg'),
(938, 'DOTA_Tooltip_Ability_item_slime_vial', NULL),
(939, 'DOTA_Tooltip_Ability_item_harpoon', NULL),
(940, 'Wand of the Brine', 'https://steamcdn-a.akamaihd.net/apps/570/icons/econ/artifacts/ward_of_the_brine_large.468b4118f91a1b70943837bd6513027faf738609.png'),
(945, 'Seeds of Serenity', 'https://www.dotabuff.com/assets/items/seeds-of-serenity-76a6e4ece568be83fbbebfc637592d9a78fda3bbf79b595fb39a211aa97e9f2f.jpg'),
(946, 'Lance of Pursuit', 'https://www.dotabuff.com/assets/items/lance-of-pursuit-6be832d29a6811cf1e98b43fa0605503ce56b35c23efa95cd88c170c45df9801.jpg'),
(947, 'Occult Bracelet', 'https://www.dotabuff.com/assets/items/occult-bracelet-6c14ea0d1fea8aac41bff74c9954f4e0f6fd0d5dd4ab040eb435f61607d076c1.jpg'),
(948, 'DOTA_Tooltip_Ability_item_tome_of_omniscience', NULL),
(949, 'Ogre Seal Totem', 'https://www.dotabuff.com/assets/items/ogre-seal-totem-059708643651fc51719d1277a906f1fa3e489fd308dac95c105c463ee7515024.jpg'),
(950, 'Guardian Shell', 'https://steamcdn-a.akamaihd.net/apps/570/icons/econ/artifacts/guardian_shell_large.8840310bfd7c621f69305fa680de1c8644621d41.png'),
(968, 'DOTA_Tooltip_Ability_item_arcane_scout', NULL),
(969, 'DOTA_Tooltip_Ability_item_barricade', NULL),
(990, 'Eye of the Vizier', 'https://www.dotabuff.com/assets/items/eye-of-the-vizier-0e2ec82a335c1ea6d4a81907caca61fa07c31300712c0b26d799148b67de1891.jpg'),
(998, 'DOTA_Tooltip_Ability_item_manacles_of_power', NULL),
(1000, 'DOTA_Tooltip_Ability_item_bottomless_chalice', NULL),
(1017, 'DOTA_Tooltip_Ability_item_wand_of_sanctitude', NULL),
(1021, 'River Vial: Chrome', 'https://www.dotabuff.com/assets/items/river-vial-chrome-230c4e2b602f41021ea5d8fa6f9b4ca5c951456757c9cda2e22a600d95103da6.jpg'),
(1022, 'River Vial: Dry', 'https://www.dotabuff.com/assets/items/river-vial-dry-6fda7b2a304ede52001124c94d8dc6abb61d658858d3721c10c1d26a1de48dff.jpg'),
(1023, 'River Vial: Slime', 'https://steamcdn-a.akamaihd.net/apps/570/icons/econ/tools/rivervial_slime_large.fbd261186b6de22a100c6eda261b2d9dbca20021.png'),
(1024, 'River Vial: Oil', 'https://steamcdn-a.akamaihd.net/apps/570/icons/econ/tools/rivervial_oilslick_large.2f29a02e43bd10c9b7abb542dc8c3b7884d9a44e.png'),
(1025, 'River Vial: Electrified', 'https://static.wikia.nocookie.net/dota2_gamepedia/images/d/d4/River_Vial_Electric_icon.png/revision/latest?cb=20160530175715'),
(1026, 'River Vial: Potion', 'https://www.dotabuff.com/assets/items/river-vial-potion-d10a2504fbf4c1f027fd2c362052b603c86d17031d70e9cc233fd97f958f9a96.jpg'),
(1027, 'River Vial: Blood', 'https://steamcdn-a.akamaihd.net/apps/570/icons/econ/tools/rivervial_blood_large.8a1719c7eee94e694f075d35c557dfcf3359f11c.png'),
(1028, 'Tombstone', NULL),
(1029, 'Super Blink Dagger', 'https://www.dotabuff.com/assets/items/super-blink-dagger-8818a90e44635b210386f391aba9e395823565cb2eacad3c553cd5ec24ccb40d.jpg'),
(1030, 'Pocket Tower', 'https://www.dotabuff.com/assets/items/pocket-tower-e63693a843f6e0efd24a48a950f1f861cf8bd1aa5774bfc57023fa51b7afe46a.jpg'),
(1032, 'Pocket Roshan', 'https://www.dotabuff.com/assets/items/pocket-roshan-01d02d80bd51e529dd0084d1b106eb4eabb66844eca581439fa195a9548f7d20.jpg'),
(1077, 'Dagger of Ristul', 'https://www.dotabuff.com/assets/items/dagger-of-ristul-84ee4cbb5b2f075a68f8f9f993232462b4690cecd7a360555f668595176e8e32.jpg'),
(1466, 'Gleipnir', 'https://www.dotabuff.com/assets/items/gleipnir-a669b443f46c1df3316faf8c7dc30a359dd9f306b4d201e67aebeeecc24f1f10.jpg'),
(1565, 'Recipe: Gleipnir', 'https://www.dotabuff.com/assets/items/recipe-fd9b7a6bfa829f8757eb5edb907e2c053a9779238a47d4c77b13fd1e0dafc9a2.jpg');

--
-- Индексы сохранённых таблиц
--

--
-- Индексы таблицы `DotaMatch`
--
ALTER TABLE `DotaMatch`
  ADD PRIMARY KEY (`Id`);

--
-- Индексы таблицы `Hero`
--
ALTER TABLE `Hero`
  ADD PRIMARY KEY (`Id`);

--
-- Индексы таблицы `HeroItems`
--
ALTER TABLE `HeroItems`
  ADD PRIMARY KEY (`HeroId`,`ItemId`,`MatchId`,`Backpack`,`Slot`),
  ADD KEY `heroitems_ibfk_1` (`MatchId`),
  ADD KEY `ItemId` (`ItemId`);

--
-- Индексы таблицы `HeroMatch`
--
ALTER TABLE `HeroMatch`
  ADD PRIMARY KEY (`HeroId`,`MatchId`),
  ADD KEY `MatchId` (`MatchId`),
  ADD KEY `NeutralItem` (`NeutralItem`);

--
-- Индексы таблицы `Item`
--
ALTER TABLE `Item`
  ADD PRIMARY KEY (`Id`);

--
-- Ограничения внешнего ключа сохраненных таблиц
--

--
-- Ограничения внешнего ключа таблицы `HeroItems`
--
ALTER TABLE `HeroItems`
  ADD CONSTRAINT `heroitems_ibfk_1` FOREIGN KEY (`MatchId`) REFERENCES `DotaMatch` (`Id`) ON DELETE CASCADE ON UPDATE CASCADE;

--
-- Ограничения внешнего ключа таблицы `HeroMatch`
--
ALTER TABLE `HeroMatch`
  ADD CONSTRAINT `heromatch_ibfk_1` FOREIGN KEY (`MatchId`) REFERENCES `DotaMatch` (`Id`) ON DELETE CASCADE ON UPDATE RESTRICT;
COMMIT;

/*!40101 SET CHARACTER_SET_CLIENT=@OLD_CHARACTER_SET_CLIENT */;
/*!40101 SET CHARACTER_SET_RESULTS=@OLD_CHARACTER_SET_RESULTS */;
/*!40101 SET COLLATION_CONNECTION=@OLD_COLLATION_CONNECTION */;
